l_gf,l_gc,l_ppg,l_pos,l_xg,v_gf,v_gc,v_ppg,v_pos,v_xg,target_1x2,home_team_goal_count,away_team_goal_count,home_team_corner_count,away_team_corner_count
0.0,0.0,0.0,0.0,0.0,0.0,0.0,0.0,0.0,0.0,0,1,0,7.0,8.0
0.0,0.0,0.0,0.0,0.0,0.0,0.0,0.0,0.0,0.0,2,0,2,2.0,10.0
0.0,0.0,0.0,0.0,0.0,0.0,0.0,0.0,0.0,0.0,0,1,0,3.0,12.0
0.0,0.0,0.0,0.0,0.0,0.0,0.0,0.0,0.0,0.0,0,2,0,8.0,2.0
0.0,0.0,0.0,0.0,0.0,0.0,0.0,0.0,0.0,0.0,2,0,3,1.0,5.0
0.0,0.0,0.0,0.0,0.0,0.0,0.0,0.0,0.0,0.0,1,1,1,2.0,6.0
0.0,0.0,0.0,0.0,0.0,0.0,0.0,0.0,0.0,0.0,2,1,2,5.0,3.0
0.0,0.0,0.0,0.0,0.0,0.0,0.0,0.0,0.0,0.0,0,2,1,4.0,7.0
0.0,0.0,0.0,0.0,0.0,0.0,0.0,0.0,0.0,0.0,2,0,2,4.0,3.0
0.0,0.0,0.0,0.0,0.0,0.0,0.0,0.0,0.0,0.0,1,1,1,2.0,13.0
3.0,0.0,3.0,62.0,1.43,1.0,0.0,3.0,55.0,2.43,0,2,1,4.0,4.0
0.0,1.0,0.0,45.0,0.44,1.0,1.0,1.0,30.0,1.05,0,2,1,7.0,5.0
0.0,1.0,0.0,78.0,1.77,1.0,1.0,1.0,53.0,1.3,2,0,1,4.0,10.0
1.0,1.0,1.0,70.0,1.18,0.0,3.0,0.0,38.0,0.45,0,4,0,12.0,5.0
2.0,0.0,3.0,52.0,0.77,0.0,2.0,0.0,38.0,0.45,0,4,1,10.0,1.0
1.0,2.0,0.0,54.0,1.17,1.0,2.0,0.0,52.0,2.46,2,0,2,3.0,3.0
2.0,1.0,3.0,48.0,2.03,2.0,0.0,3.0,53.0,1.24,2,0,2,4.0,1.0
1.0,1.0,1.0,47.0,1.22,1.0,0.0,3.0,22.0,0.25,1,1,1,8.0,9.0
0.0,2.0,0.0,47.0,0.47,0.0,2.0,0.0,48.0,1.01,2,2,6,5.0,5.0
2.0,0.0,3.0,62.0,2.65,2.0,1.0,3.0,46.0,1.59,0,2,0,9.0,4.0
2.0,0.0,3.0,57.0,1.055,2.5,0.5,3.0,55.0,1.7599999999999998,1,1,1,3.0,7.0
0.0,3.5,0.0,33.5,0.725,1.0,1.0,1.0,43.0,1.7399999999999998,2,2,3,8.0,4.0
1.0,1.5,0.5,38.0,0.8300000000000001,1.0,1.5,1.5,43.5,1.6549999999999998,2,1,2,1.0,4.0
1.0,1.5,1.5,41.5,0.9750000000000001,0.0,1.0,0.0,71.5,0.9550000000000001,0,3,1,2.0,8.0
0.5,3.0,0.0,31.5,0.37,1.0,1.0,1.5,49.5,1.11,1,1,1,8.0,6.0
1.0,0.5,2.0,44.0,1.875,1.0,4.0,0.0,43.5,1.2149999999999999,1,1,1,7.0,3.0
1.5,1.0,1.5,47.0,1.9249999999999998,3.0,0.5,3.0,63.5,2.0549999999999997,2,1,3,3.0,11.0
1.0,0.5,2.0,41.5,0.97,2.5,0.5,2.0,70.5,1.8050000000000002,0,2,1,7.0,12.0
3.0,2.0,1.5,54.0,1.345,0.5,2.0,0.0,56.0,1.26,1,1,1,4.0,4.0
1.0,1.0,1.5,53.5,1.9300000000000002,2.0,0.0,3.0,62.5,2.65,2,0,3,5.0,2.0
0.3333333333333333,1.6666666666666667,0.0,68.66666666666667,1.1600000000000001,0.6666666666666666,1.6666666666666667,1.0,53.333333333333336,1.7400000000000002,2,0,3,0.0,7.0
1.0,1.0,1.3333333333333333,50.0,1.0566666666666666,1.3333333333333333,1.6666666666666667,1.0,42.0,1.5266666666666666,1,1,1,3.0,2.0
2.3333333333333335,0.0,3.0,57.333333333333336,2.3633333333333333,1.0,0.6666666666666666,1.6666666666666667,46.666666666666664,1.5966666666666667,2,0,1,7.0,2.0
3.0,0.6666666666666666,3.0,65.0,2.3699999999999997,1.6666666666666667,1.3333333333333333,2.0,40.0,1.5766666666666669,0,2,1,12.0,3.0
2.0,0.6666666666666666,2.3333333333333335,58.0,1.7833333333333332,0.6666666666666666,2.3333333333333335,0.3333333333333333,37.333333333333336,0.39666666666666667,1,0,0,9.0,2.0
0.6666666666666666,1.6666666666666667,0.3333333333333333,49.666666666666664,1.02,1.0,1.6666666666666667,0.3333333333333333,44.666666666666664,0.7033333333333335,1,2,2,5.0,2.0
1.3333333333333333,1.3333333333333333,2.0,43.0,1.6199999999999999,0.6666666666666666,3.3333333333333335,0.0,38.0,1.14,0,3,2,6.0,2.0
1.6666666666666667,1.3333333333333333,1.6666666666666667,46.333333333333336,1.8999999999999997,2.3333333333333335,1.6666666666666667,1.3333333333333333,57.0,1.6866666666666668,2,0,1,6.0,3.0
2.0,1.0,1.3333333333333333,69.0,1.6233333333333333,1.6666666666666667,0.3333333333333333,2.3333333333333335,50.0,1.3966666666666665,2,0,1,7.0,6.0
1.0,3.0,0.3333333333333333,45.0,1.0566666666666666,1.3333333333333333,0.6666666666666666,2.3333333333333335,39.0,1.2566666666666666,2,1,2,4.0,7.0
1.25,1.5,1.0,42.75,1.335,2.0,1.25,1.75,59.5,1.4600000000000002,2,0,3,6.0,5.0
1.0,1.0,1.25,51.25,1.1775,1.5,0.75,2.5,42.0,1.3225,0,3,1,6.0,0.0
1.75,0.25,2.25,60.25,2.0075,1.25,1.25,1.25,43.0,1.8699999999999999,0,3,0,3.0,9.0
0.25,2.0,0.0,62.5,1.1500000000000001,0.5,1.75,0.5,35.75,0.385,1,1,1,2.0,10.0
1.25,1.75,0.5,41.75,0.8350000000000001,1.0,3.25,0.0,35.25,1.08,1,1,1,6.0,1.0
1.5,1.0,1.0,67.75,1.395,1.5,1.5,1.5,41.5,1.4225,0,3,1,9.0,4.0
1.75,1.5,2.25,50.5,1.7449999999999999,1.0,2.75,0.25,46.0,1.1,0,3,1,6.0,5.0
1.0,1.75,0.5,54.0,1.4024999999999999,1.25,1.25,1.5,54.0,1.9725000000000001,1,0,0,4.0,11.0
1.5,0.5,2.0,60.75,1.7525,1.0,0.5,2.0,42.75,1.3075,1,2,2,9.0,1.0
2.75,0.75,3.0,62.25,2.32,1.5,0.25,2.5,46.5,1.2325,1,2,2,8.0,2.0
1.4,1.2,2.0,45.8,1.366,2.6,1.0,2.6,65.2,2.292,1,1,1,5.0,6.0
1.6,0.6,2.2,41.8,1.1199999999999999,1.2,1.6,0.6,45.2,0.8,0,4,2,17.0,0.0
1.0,2.8,0.2,36.4,1.084,0.8,1.4,0.6,49.8,1.3239999999999998,0,2,1,5.0,8.0
2.2,1.0,2.0,57.0,1.6060000000000003,1.6,0.8,1.8,62.6,1.6019999999999999,0,4,2,8.0,2.0
1.4,1.8,1.2,43.6,1.298,1.0,1.8,0.8,44.8,1.238,1,1,1,7.0,6.0
1.2,0.8,1.8,40.2,1.33,1.4,1.0,1.6,48.8,1.4,2,0,1,6.0,5.0
1.0,2.8,0.2,46.2,0.982,2.0,0.2,2.4,60.0,2.018,2,1,2,2.0,10.0
0.6,1.6,0.6,37.8,0.646,2.0,1.4,2.4,51.0,1.7419999999999998,1,2,2,10.0,0.0
1.0,1.0,1.4,56.6,1.918,1.8,1.0,1.4,63.8,1.8199999999999998,2,0,3,5.0,3.0
1.0,1.6,1.0,42.6,1.7119999999999997,0.4,1.8,0.2,60.8,1.4180000000000001,0,3,1,6.0,4.0
0.8,1.4,0.6,51.0,1.2799999999999998,2.0,0.4,2.4,58.6,1.996,2,0,1,3.0,8.0
2.0,1.0,2.2,46.2,1.796,0.6,2.2,0.2,57.2,1.184,0,3,1,13.0,1.0
1.4,2.2,0.4,44.2,0.654,1.4,1.6,1.4,41.2,1.7440000000000002,0,1,0,0.0,9.0
1.0,1.6,1.0,43.0,0.944,1.0,1.6,0.8,39.0,0.792,0,4,1,5.0,5.0
2.4,1.2,2.2,67.2,2.32,1.6,0.8,2.2,51.6,1.5779999999999998,0,3,2,8.0,3.0
1.2,1.8,0.8,45.8,1.0539999999999998,1.2,2.8,0.2,45.8,1.014,0,5,3,10.0,3.0
1.4,2.4,0.8,36.8,1.172,1.4,1.4,1.6,49.0,1.6300000000000001,1,0,0,0.0,10.0
3.0,1.0,2.6,55.6,2.2359999999999998,1.0,0.8,1.6,37.8,1.23,1,1,1,11.0,3.0
2.0,1.6,2.0,52.6,1.5,0.8,1.6,0.8,53.4,1.624,1,0,0,6.0,3.0
1.4,1.6,1.2,62.0,1.538,2.2,0.8,1.8,62.0,2.502,0,3,2,4.0,7.0
1.8,1.4,1.2,59.6,2.284,1.4,1.8,1.0,45.2,1.424,0,4,1,13.0,5.0
0.6,1.2,1.0,52.2,1.45,2.2,2.0,1.4,47.2,1.832,0,2,1,9.0,2.0
1.2,1.2,1.6,50.4,1.7020000000000004,1.6,1.8,1.2,60.6,1.472,2,0,1,9.0,4.0
1.6,1.2,1.6,49.2,1.7420000000000002,2.0,1.2,2.2,55.6,1.344,2,1,3,6.0,11.0
0.8,2.6,0.2,52.4,1.286,1.4,1.8,1.0,43.8,0.69,2,2,3,10.0,6.0
1.0,1.6,0.8,43.4,0.8640000000000001,1.4,1.6,1.0,37.4,1.106,2,0,2,5.0,7.0
1.2,1.6,1.2,44.6,1.7240000000000002,2.2,1.2,2.2,45.8,2.1879999999999997,0,2,0,7.0,4.0
1.4,2.6,0.2,49.0,0.8320000000000001,2.2,1.4,2.2,63.8,1.966,2,1,2,1.0,18.0
1.8,0.4,2.4,59.6,1.746,2.0,0.8,2.2,56.8,2.3920000000000003,0,2,1,1.0,5.0
1.0,1.0,1.2,37.6,0.914,0.8,1.2,0.6,45.8,1.138,0,1,0,6.0,6.0
1.8,1.8,1.6,43.8,1.242,1.0,0.8,1.6,37.2,1.058,2,1,3,6.0,7.0
2.0,1.4,2.2,65.8,1.69,1.0,2.6,0.2,48.2,1.402,0,1,0,12.0,1.0
1.6,1.6,1.6,55.8,1.33,1.4,2.8,0.0,43.8,0.8779999999999999,1,2,2,9.0,6.0
1.8,2.2,0.8,49.8,1.448,0.8,1.8,0.6,44.6,1.0239999999999998,0,4,3,4.0,5.0
2.2,1.2,2.2,56.8,1.3699999999999999,1.0,1.2,1.2,43.8,1.6440000000000001,1,1,1,9.0,7.0
1.4,1.0,1.6,37.0,1.06,1.6,1.6,1.4,49.4,1.908,1,1,1,4.0,2.0
1.4,2.0,1.0,47.4,1.434,1.0,0.8,1.6,51.6,1.4440000000000002,0,2,1,6.0,5.0
2.0,1.0,2.0,55.6,2.116,0.8,1.2,1.0,55.6,1.7399999999999998,0,2,1,7.0,4.0
0.6,1.2,0.4,48.4,1.2239999999999998,2.4,1.2,1.8,57.8,2.416,0,1,0,8.0,8.0
2.0,1.4,2.0,48.8,1.908,1.6,0.6,2.4,58.8,1.7759999999999998,1,2,2,1.0,3.0
0.6,1.4,0.4,55.4,1.798,2.2,1.8,1.6,50.6,1.9440000000000002,0,1,0,4.0,6.0
1.2,1.2,1.4,45.8,1.35,1.8,1.2,2.2,66.4,1.846,0,2,1,3.0,10.0
2.0,0.8,2.6,56.0,1.75,2.0,2.0,1.6,52.2,1.2600000000000002,0,2,1,9.0,7.0
1.0,2.2,0.2,48.0,1.2200000000000002,1.2,0.6,1.8,39.6,1.038,0,1,0,3.0,6.0
1.4,2.6,0.4,45.4,1.214,1.6,2.0,1.4,50.0,1.1480000000000001,1,1,1,4.0,6.0
1.4,1.0,1.6,38.2,1.316,1.6,2.0,1.4,47.0,1.8820000000000001,0,3,0,10.0,6.0
1.6,2.8,0.2,43.8,0.9040000000000001,0.4,0.8,0.8,41.8,0.8700000000000001,1,2,2,3.0,6.0
2.4,1.2,1.8,58.2,2.4219999999999997,1.8,1.0,1.8,53.6,1.3079999999999998,0,4,1,6.0,4.0
0.6,1.2,1.0,51.8,1.3780000000000001,2.2,1.2,2.0,52.2,2.2819999999999996,1,1,1,4.0,8.0
1.6,1.6,1.4,50.4,1.8519999999999999,2.4,2.4,1.4,53.6,2.0759999999999996,0,2,1,11.0,3.0
1.8,2.6,0.4,45.8,1.108,1.0,2.0,0.6,50.2,0.8699999999999999,0,2,0,1.0,9.0
1.6,2.0,1.4,45.8,1.7380000000000002,1.0,0.6,1.6,38.4,1.1300000000000001,1,0,0,7.0,6.0
0.8,1.2,0.8,43.8,1.17,1.4,1.6,1.4,56.2,1.668,2,0,2,1.0,8.0
2.4,2.2,1.4,49.6,2.034,1.6,0.8,2.0,44.8,1.542,0,3,2,6.0,4.0
1.8,2.0,1.4,48.4,1.262,1.6,1.2,2.0,63.8,1.722,0,2,1,0.0,4.0
1.8,1.0,2.6,54.0,1.668,1.4,1.6,1.2,52.8,1.334,0,2,0,2.0,9.0
0.8,1.4,1.0,47.6,1.434,1.6,2.0,1.4,49.8,1.326,0,3,0,1.0,5.0
2.6,1.2,1.8,58.8,2.206,1.4,2.6,0.4,44.6,1.076,2,1,2,12.0,2.0
1.6,0.6,2.0,42.8,1.466,0.6,0.8,1.0,50.4,1.5960000000000003,2,1,3,4.0,5.0
1.8,1.4,1.6,53.6,2.064,1.8,1.6,1.4,58.8,2.0200000000000005,1,1,1,4.0,3.0
1.2,1.8,1.4,54.6,1.388,1.2,1.2,1.2,55.2,1.54,2,1,2,2.0,9.0
1.4,1.2,1.4,46.4,1.7879999999999998,1.8,1.4,2.0,44.6,1.4979999999999998,2,1,2,7.0,0.0
1.6,1.6,1.4,57.2,1.768,2.0,2.2,1.0,42.6,1.234,2,1,4,7.0,2.0
1.2,1.4,1.0,54.0,1.4060000000000001,1.8,1.0,2.0,43.4,1.432,0,3,0,8.0,1.0
0.6,0.4,1.2,40.6,1.174,2.8,2.4,1.8,48.6,2.2560000000000002,1,0,0,10.0,4.0
1.0,1.6,1.0,49.2,1.446,0.6,1.2,0.8,39.0,1.284,1,2,2,10.0,1.0
1.6,1.4,1.8,63.4,1.9840000000000004,2.2,1.6,1.2,59.8,1.5979999999999999,2,0,4,9.0,3.0
0.8,1.8,0.6,52.4,0.882,1.8,0.8,2.6,55.4,1.564,2,2,3,3.0,10.0
1.4,2.4,0.8,42.6,1.1640000000000001,1.4,0.8,1.6,50.0,1.3940000000000001,1,1,1,4.0,3.0
1.0,0.8,1.4,54.0,1.6220000000000003,1.4,1.8,1.4,47.0,1.706,2,0,2,8.0,3.0
1.6,1.2,2.0,45.4,1.334,1.0,1.8,0.6,51.8,1.008,1,1,1,7.0,6.0
2.2,1.4,1.6,39.6,1.288,1.6,1.4,1.4,46.2,1.682,2,2,4,3.0,4.0
1.0,1.4,1.0,38.6,1.408,1.0,1.2,1.2,51.0,1.54,1,1,1,8.0,9.0
1.8,1.8,1.4,48.0,1.626,1.2,2.2,0.8,53.2,1.452,0,4,1,5.0,4.0
1.6,1.4,1.8,43.4,1.324,1.4,1.8,1.0,41.2,1.3519999999999999,0,1,0,8.0,7.0
1.0,1.6,1.4,45.8,1.11,1.2,1.2,1.0,55.4,1.078,2,2,5,2.0,10.0
1.6,1.0,1.6,52.8,1.442,0.6,0.4,1.2,46.0,1.28,0,4,0,2.0,2.0
2.6,1.0,1.8,56.4,1.832,1.4,1.8,1.4,60.6,1.4540000000000002,1,1,1,7.0,11.0
1.4,1.2,1.6,54.6,1.598,1.4,2.0,1.0,52.4,1.968,0,3,0,3.0,4.0
2.2,1.2,2.6,54.2,1.9140000000000001,1.0,1.8,1.2,63.4,2.0980000000000003,0,2,0,7.0,4.0
1.4,1.6,1.0,41.2,1.22,1.2,1.4,1.2,38.4,1.566,2,0,1,4.0,7.0
0.8,2.6,0.2,49.6,1.0219999999999998,1.2,1.8,1.4,45.2,1.262,0,3,1,3.0,9.0
1.2,1.2,1.4,49.2,1.144,2.2,1.0,2.6,54.4,2.24,1,3,3,5.0,6.0
0.8,1.4,0.8,53.0,0.7799999999999999,1.8,0.8,2.2,56.0,1.738,2,1,5,5.0,7.0
0.2,1.2,0.6,45.0,1.048,2.4,1.8,1.6,47.2,1.1860000000000002,0,4,0,3.0,4.0
0.6,2.0,0.6,59.0,1.9420000000000002,1.6,1.4,1.8,42.4,1.308,0,3,0,8.0,2.0
2.2,1.2,1.6,57.2,1.6620000000000001,2.0,0.8,1.6,54.8,1.3900000000000001,0,2,0,13.0,0.0
0.8,2.4,0.4,50.0,1.8780000000000001,2.4,1.6,2.0,50.0,1.934,0,3,1,10.0,5.0
1.4,1.4,1.6,60.0,1.4140000000000001,1.6,1.4,1.6,47.8,1.4460000000000002,0,3,1,5.0,6.0
2.0,1.8,1.4,44.4,1.9759999999999998,2.0,1.0,1.4,55.2,1.6039999999999999,0,1,0,5.0,9.0
1.2,1.4,1.2,40.8,1.738,1.0,2.0,0.6,60.8,1.834,1,2,2,6.0,8.0
1.8,1.6,1.4,47.2,1.32,1.6,1.4,1.6,47.4,1.2,0,4,2,3.0,4.0
1.2,2.4,0.8,48.4,2.002,1.0,2.2,0.8,53.4,1.05,0,1,0,14.0,1.0
1.8,0.8,1.6,53.4,0.966,1.0,1.8,1.2,42.0,1.138,2,2,3,5.0,3.0
1.8,1.4,2.0,56.6,1.2920000000000003,2.2,0.8,2.0,58.2,1.9100000000000001,1,1,1,0.0,6.0
1.2,2.2,0.8,44.6,1.14,1.4,1.6,1.4,49.0,1.478,1,2,2,4.0,5.0
0.8,1.0,1.0,45.0,1.058,2.0,1.6,1.8,42.8,2.656,2,1,2,6.0,13.0
2.0,1.0,1.4,55.0,1.6300000000000001,2.4,0.8,2.2,57.0,2.502,2,3,4,5.0,10.0
1.0,2.2,0.8,48.8,1.28,2.0,2.2,1.4,48.6,1.07,0,2,1,11.0,0.0
1.8,2.2,1.0,51.4,1.39,1.4,2.4,0.8,44.0,1.092,0,4,0,5.0,2.0
1.8,2.2,1.2,46.4,1.058,0.8,1.2,0.8,45.2,1.122,2,1,2,7.0,3.0
2.4,1.2,2.6,55.2,2.476,1.6,1.4,1.6,49.8,1.0500000000000003,1,2,2,5.0,4.0
2.4,0.8,2.2,58.6,2.106,0.8,1.0,1.0,45.8,1.094,1,0,0,8.0,2.0
1.0,2.2,1.2,37.2,0.8699999999999999,1.2,1.6,1.4,48.0,2.088,0,2,1,4.0,3.0
1.6,1.6,1.6,47.8,1.584,1.2,1.4,1.2,38.6,1.504,2,1,3,8.0,5.0
1.2,2.0,0.8,61.6,1.812,2.0,1.2,1.4,58.4,0.89,2,1,2,8.0,2.0
0.8,2.4,0.2,51.0,0.968,1.8,1.6,0.8,52.6,1.722,2,0,5,2.0,5.0
3.0,1.2,2.6,58.4,2.848,2.4,1.6,2.0,49.6,1.448,0,2,1,8.0,5.0
2.0,1.6,1.8,47.0,2.904,1.4,1.8,1.4,50.2,1.444,1,1,1,12.0,6.0
1.4,1.6,1.4,50.4,1.8959999999999997,1.2,2.0,0.8,60.0,1.5580000000000003,0,2,1,5.0,4.0
1.6,2.0,1.4,50.2,1.69,1.4,2.0,1.0,52.8,1.326,1,1,1,8.0,4.0
2.0,1.6,1.4,46.8,1.474,1.2,1.8,1.8,38.4,1.1,2,0,2,9.0,5.0
0.8,1.2,0.8,47.6,1.038,2.0,2.0,1.0,52.0,1.8079999999999998,2,0,4,2.0,1.0
1.8,1.2,1.8,38.4,1.6620000000000001,2.2,0.6,2.2,63.8,2.04,2,1,5,3.0,3.0
1.8,1.4,1.4,57.8,1.1540000000000001,1.8,1.2,2.0,47.6,2.784,2,0,3,13.0,1.0
1.6,1.8,1.2,44.8,0.9280000000000002,0.8,3.0,0.2,45.2,1.004,1,0,0,6.0,5.0
0.8,0.8,1.2,43.4,0.8,3.2,1.2,3.0,61.0,2.9859999999999998,1,0,0,2.0,5.0
1.4,2.6,0.8,42.4,1.004,1.6,2.6,0.6,51.4,1.06,2,0,3,6.0,1.0
2.6,1.2,1.4,51.0,1.9,2.4,1.4,2.2,57.6,2.572,2,3,6,7.0,5.0
1.4,1.6,0.8,59.6,1.336,0.8,0.8,1.2,38.2,0.784,1,1,1,8.0,5.0
2.8,1.6,1.6,53.0,1.9460000000000002,1.4,1.4,1.8,45.2,1.6079999999999999,0,3,0,9.0,6.0
2.2,0.8,2.6,44.6,2.784,1.6,1.8,1.6,40.8,1.7280000000000002,1,0,0,5.0,2.0
0.4,2.4,0.4,46.2,0.8,1.4,2.2,1.0,50.0,1.7900000000000003,2,0,1,2.0,2.0
2.8,1.0,2.6,63.4,2.67,1.4,1.0,1.4,44.4,0.898,2,1,2,3.0,1.0
1.6,1.2,2.4,38.8,1.214,2.4,2.4,0.8,53.0,1.652,0,1,0,2.0,7.0
1.4,2.4,0.6,52.4,1.018,1.6,1.8,1.2,57.8,1.45,0,2,0,4.0,4.0
3.2,2.0,2.2,54.8,3.2939999999999996,1.2,2.8,0.8,45.8,0.942,0,3,1,14.0,1.0
1.2,2.0,0.6,54.6,1.3259999999999998,2.0,2.0,1.2,51.4,1.3980000000000001,1,0,0,5.0,3.0
2.6,0.8,2.2,62.2,2.376,0.6,1.8,0.6,48.0,0.8620000000000001,0,1,0,5.0,1.0
1.2,2.6,0.8,44.0,0.798,1.6,1.4,1.0,61.6,1.586,2,0,2,4.0,4.0
1.6,1.0,1.8,45.2,0.9380000000000001,1.4,0.4,2.2,47.0,2.42,1,2,2,1.0,7.0
1.0,1.0,1.2,33.2,0.67,1.6,1.2,2.4,35.8,1.102,2,0,2,5.0,4.0
2.2,2.4,0.6,56.8,1.6760000000000002,1.4,1.6,1.2,50.6,1.098,1,2,2,5.0,5.0
1.4,1.6,1.6,40.6,1.466,0.2,2.4,0.2,47.4,0.8780000000000001,0,2,1,8.0,7.0
1.2,1.2,1.6,51.2,1.844,3.2,1.8,2.2,56.2,3.0460000000000003,2,0,5,2.0,6.0
0.6,1.8,0.6,43.4,0.7739999999999999,2.4,1.4,2.0,60.0,2.556,0,2,0,4.0,7.0
1.4,1.4,1.8,45.4,1.4300000000000002,1.0,1.8,0.6,55.8,1.252,1,2,2,12.0,3.0
0.8,2.2,0.6,55.6,1.324,3.2,1.4,2.0,55.4,2.4899999999999998,2,0,2,2.0,3.0
1.2,1.8,0.8,47.8,1.1320000000000001,1.8,0.4,2.2,63.8,2.0279999999999996,2,1,3,4.0,3.0
2.6,2.6,0.8,53.4,1.952,3.0,0.8,2.4,56.6,2.456,2,1,2,9.0,10.0
1.6,0.8,1.8,49.6,2.074,1.0,0.6,1.2,38.0,0.732,0,1,0,9.0,3.0
0.2,1.8,0.2,49.2,0.754,1.2,1.8,0.8,47.8,0.99,2,0,5,2.0,2.0
1.4,1.4,1.0,57.6,1.3579999999999999,1.0,1.6,1.6,48.2,1.2980000000000003,0,4,1,7.0,1.0
1.6,1.8,1.6,40.6,1.544,1.4,1.6,1.4,64.2,1.8700000000000003,1,1,1,6.0,6.0
1.2,1.6,1.4,47.6,1.3,0.6,2.8,0.2,47.0,0.7879999999999999,0,2,1,6.0,2.0
1.2,1.6,0.8,52.4,1.184,2.0,0.6,2.2,63.6,1.9780000000000002,1,1,1,2.0,5.0
1.4,1.2,1.4,47.0,1.03,1.0,1.6,1.2,37.4,0.992,1,2,2,9.0,2.0
3.8,1.8,2.2,58.2,2.962,0.8,2.2,0.6,56.2,1.4600000000000002,1,2,2,5.0,9.0
1.8,1.2,1.4,49.8,1.086,2.0,0.6,3.0,36.2,1.222,2,0,3,5.0,3.0
0.8,2.2,1.0,46.2,1.3820000000000001,1.6,1.4,1.4,54.8,1.4460000000000002,0,3,2,0.0,3.0
0.8,1.2,1.0,64.4,1.552,1.4,0.6,1.8,49.8,1.786,1,2,2,9.0,3.0
1.4,1.4,0.8,48.8,1.636,1.8,1.2,1.4,55.2,1.45,1,2,2,4.0,5.0
2.0,0.2,3.0,38.2,1.482,3.6,1.6,2.2,57.0,3.128,1,1,1,0.0,9.0
3.0,0.2,3.0,54.0,2.65,1.6,1.4,1.4,52.8,1.1099999999999999,0,3,0,4.0,2.0
0.2,0.8,0.6,37.6,0.67,1.4,1.8,1.4,50.4,1.154,2,0,1,8.0,5.0
0.4,2.8,0.0,43.8,0.608,1.4,1.6,1.6,41.8,1.4920000000000002,2,0,2,4.0,3.0
2.0,0.6,2.2,61.4,1.748,2.2,2.2,0.8,57.0,1.56,0,2,1,10.0,4.0
1.2,1.6,1.4,34.2,1.046,1.0,1.4,0.8,52.4,1.1800000000000002,2,0,2,1.0,9.0
0.8,2.0,0.8,51.4,1.35,0.2,2.6,0.2,48.8,0.746,0,3,1,4.0,4.0
2.8,0.2,3.0,54.4,2.314,1.6,0.8,1.8,48.2,1.6199999999999999,2,1,4,7.0,6.0
0.4,2.4,0.0,47.0,0.9100000000000001,1.6,1.6,1.2,58.2,1.582,2,0,2,5.0,2.0
1.2,2.4,1.4,45.2,1.16,1.2,1.4,1.6,43.4,1.3940000000000001,2,0,2,2.0,4.0
1.6,1.4,1.0,50.2,1.8080000000000003,3.4,1.4,2.2,59.0,3.1,2,0,2,2.0,15.0
2.4,0.8,2.6,56.6,1.794,1.4,1.4,2.0,50.4,1.3119999999999998,1,2,2,10.0,1.0
1.0,2.0,0.8,53.8,1.6179999999999999,1.2,0.8,1.4,50.2,1.174,2,1,3,4.0,2.0
0.2,1.0,0.4,43.0,0.8800000000000001,1.4,2.6,0.2,54.8,1.228,0,3,2,3.0,8.0
1.8,0.2,2.6,34.0,1.188,0.4,2.2,0.2,48.4,0.8859999999999999,0,3,2,2.0,8.0
0.8,1.8,0.8,34.2,0.8620000000000001,2.0,1.2,1.6,55.8,1.6800000000000002,2,0,6,4.0,7.0
0.8,1.4,0.6,63.4,1.6060000000000003,1.4,1.6,1.4,49.8,1.1800000000000002,0,3,1,3.0,6.0
1.8,1.0,1.8,49.2,1.746,2.0,0.6,2.6,35.8,1.418,0,5,0,3.0,9.0
1.0,2.2,0.8,48.0,1.1300000000000001,1.8,1.0,2.2,58.2,1.4860000000000002,2,0,1,1.0,5.0
2.6,0.8,2.2,61.6,2.6599999999999997,0.8,2.2,0.8,32.4,0.8360000000000001,0,4,1,3.0,4.0
0.8,2.8,0.0,50.8,1.012,2.2,1.0,2.4,53.8,2.0060000000000002,2,1,3,3.0,8.0
1.6,0.8,1.8,49.0,1.3719999999999999,0.8,1.4,0.8,45.0,1.064,2,0,1,9.0,1.0
3.0,0.8,2.2,58.0,2.0799999999999996,1.4,1.6,1.0,61.0,2.002,0,3,1,2.0,3.0
1.2,2.0,0.2,57.4,1.198,0.4,2.2,0.0,44.0,0.844,2,1,2,6.0,4.0
1.4,0.4,2.2,44.2,1.34,1.6,1.4,1.0,45.2,1.8080000000000003,2,1,2,4.0,7.0
1.4,1.6,1.6,48.4,1.1860000000000002,1.0,2.6,1.2,46.8,0.9540000000000001,1,1,1,4.0,3.0
2.0,1.6,1.6,59.0,1.844,1.2,2.0,0.8,52.2,1.4580000000000002,2,0,1,3.0,0.0
1.8,1.6,2.0,39.6,1.39,1.6,1.0,1.6,51.2,1.2559999999999998,0,7,0,4.0,6.0
2.2,1.2,2.4,50.6,2.04,1.6,1.6,1.0,58.6,1.6219999999999999,2,1,2,3.0,7.0
2.8,1.0,2.2,49.0,1.7899999999999998,2.8,0.8,2.2,61.8,2.6740000000000004,2,0,2,3.0,3.0
0.8,1.2,1.2,44.4,1.108,0.6,1.8,0.6,45.6,1.0879999999999999,0,4,0,5.0,6.0
1.0,2.8,0.8,32.0,0.9019999999999999,1.0,3.2,0.0,50.6,0.884,2,1,2,1.0,2.0
0.6,2.4,0.2,48.2,1.106,1.6,1.2,1.8,50.2,1.2879999999999998,0,2,0,5.0,8.0
1.4,1.6,1.4,52.2,1.42,1.6,0.8,2.0,44.0,1.466,2,0,2,11.0,0.0
2.0,1.6,1.4,47.4,1.8980000000000001,1.4,2.2,0.2,55.6,1.226,2,0,2,10.0,3.0
1.8,1.0,2.2,54.2,1.314,3.4,0.8,2.6,56.2,2.162,0,5,1,5.0,2.0
1.4,1.8,1.0,60.2,2.1380000000000003,1.0,2.8,0.8,48.4,0.8539999999999999,0,2,1,4.0,3.0
1.6,0.8,1.8,41.0,1.422,2.2,0.8,2.2,61.2,2.548,1,2,2,2.0,3.0
1.2,2.0,1.4,55.8,1.206,1.8,1.6,1.6,58.6,2.072,0,3,0,2.0,9.0
0.6,2.2,0.6,45.4,0.8940000000000001,2.2,1.0,2.2,53.6,1.1320000000000001,2,0,2,3.0,7.0
1.6,1.4,1.4,58.6,1.7120000000000002,2.8,1.6,2.0,39.8,1.7760000000000002,0,2,1,8.0,4.0
1.2,3.0,0.6,48.4,0.898,2.4,1.0,2.0,49.2,1.7099999999999997,2,1,3,4.0,6.0
1.2,2.2,0.8,45.6,1.0260000000000002,1.8,1.4,1.4,48.0,2.246,2,0,1,9.0,2.0
3.2,1.8,2.0,57.8,2.07,2.0,1.6,1.8,50.8,1.8060000000000003,0,4,0,7.0,4.0
1.2,1.2,1.6,52.0,1.022,0.8,3.2,0.2,38.6,0.8960000000000001,1,1,1,16.0,1.0
1.6,0.6,2.0,41.4,1.58,2.0,1.0,2.0,40.0,1.4700000000000002,2,1,2,6.0,2.0
2.2,0.8,2.2,63.2,2.1079999999999997,0.6,2.0,0.6,44.0,1.288,0,2,1,4.0,3.0
1.4,1.8,0.6,55.2,0.9480000000000001,1.4,1.6,1.4,55.0,1.464,0,1,0,10.0,5.0
1.0,1.2,1.2,55.0,1.1940000000000002,2.4,0.8,2.6,59.0,2.042,1,2,2,6.0,8.0
0.4,2.2,0.6,45.6,0.8559999999999999,1.0,1.4,1.4,46.4,1.6860000000000004,2,0,4,5.0,6.0
2.4,1.0,2.6,38.4,1.434,1.0,1.4,1.2,54.4,1.5580000000000003,1,2,2,7.0,8.0
2.8,1.2,2.0,48.6,1.5819999999999999,0.8,1.8,0.6,41.8,1.27,2,0,1,6.0,7.0
1.6,1.2,1.8,55.2,1.7,1.6,0.8,1.8,45.4,1.7080000000000002,2,0,2,7.0,7.0
1.4,2.6,0.6,47.2,0.998,1.6,1.8,1.8,53.0,1.186,2,0,4,5.0,6.0
2.4,0.8,2.6,54.6,1.232,1.0,1.6,0.8,48.6,0.916,2,0,1,2.0,0.0
0.6,3.0,0.2,38.0,0.6519999999999999,1.4,1.4,1.2,55.0,1.206,2,1,4,4.0,4.0
1.2,1.6,0.8,55.4,1.0859999999999999,1.6,2.0,1.4,60.0,1.932,0,2,1,2.0,3.0
1.6,2.2,1.2,49.8,1.4120000000000001,2.4,2.0,1.4,40.8,1.434,0,4,3,7.0,6.0
3.2,1.6,2.0,59.0,2.068,2.4,1.2,2.2,56.4,1.8560000000000003,2,0,2,7.0,5.0
1.0,1.2,1.2,45.0,1.346,1.2,1.0,1.8,56.4,1.3599999999999999,2,1,2,7.0,4.0
2.0,1.8,1.8,52.2,1.786,2.4,1.0,1.8,49.0,1.47,0,2,1,1.0,9.0
1.6,0.8,1.8,44.4,1.6019999999999999,1.2,1.4,1.2,59.0,1.3439999999999999,0,4,1,3.0,8.0
1.4,2.0,1.2,58.2,1.8920000000000001,1.2,2.8,0.6,49.2,0.716,0,4,0,4.0,2.0
0.8,1.6,0.8,54.8,0.9560000000000001,0.8,3.4,0.2,37.0,0.8260000000000002,0,3,2,5.0,6.0
2.0,1.2,1.8,57.4,1.392,2.8,1.6,1.8,61.2,1.778,2,0,1,8.0,3.0
1.4,1.0,1.8,47.8,1.496,2.2,1.0,2.2,39.0,1.426,1,1,1,2.0,5.0
2.8,2.6,1.2,43.6,1.7299999999999998,2.0,0.8,2.0,57.6,1.186,1,0,0,3.0,11.0
2.0,1.0,2.2,49.2,1.6019999999999999,1.8,2.8,1.2,49.0,1.5720000000000003,0,2,0,4.0,2.0
0.6,1.2,0.8,46.2,0.9400000000000001,0.4,2.6,0.6,43.8,0.6180000000000001,0,2,0,3.0,3.0
2.2,2.2,0.8,41.6,1.4000000000000001,1.8,1.6,1.8,56.6,1.596,0,1,0,3.0,2.0
2.0,1.0,2.2,51.2,1.438,0.8,3.0,0.6,46.2,0.682,0,3,1,6.0,4.0
1.8,1.8,1.8,51.2,1.884,1.2,1.2,1.8,52.2,1.2600000000000002,0,2,1,3.0,7.0
2.0,1.0,1.8,42.4,2.2,1.2,2.8,0.2,41.4,0.9960000000000001,0,1,0,5.0,4.0
1.6,0.8,2.0,50.4,1.6480000000000001,1.2,2.0,1.0,62.6,1.25,2,0,1,6.0,5.0
1.0,1.0,1.2,49.6,1.436,2.2,1.2,1.8,42.4,1.53,1,1,1,5.0,5.0
1.6,0.8,1.8,55.6,1.434,1.8,1.2,1.2,51.4,1.31,1,2,2,3.0,6.0
1.6,1.8,1.2,57.6,1.7739999999999998,0.4,2.6,0.6,44.4,0.5980000000000001,0,1,0,12.0,2.0
1.2,1.4,1.4,53.4,0.804,1.6,0.4,2.0,57.4,1.1179999999999999,1,1,1,2.0,9.0
1.0,0.8,1.4,47.0,1.15,1.6,2.4,1.2,45.8,1.4600000000000002,2,0,1,3.0,4.0
0.8,3.0,0.6,41.4,0.6020000000000001,1.2,1.0,1.4,52.4,1.4419999999999997,2,1,2,5.0,1.0
1.6,1.4,1.4,39.8,1.3199999999999998,0.8,0.8,1.2,46.4,1.032,1,1,1,6.0,5.0
1.2,1.6,1.2,59.0,1.2680000000000002,2.2,1.8,2.4,48.0,2.0460000000000003,1,2,2,4.0,5.0
1.0,2.2,0.2,44.4,1.1960000000000002,2.4,1.2,1.4,38.0,1.35,2,2,4,6.0,3.0
1.2,1.6,0.8,49.0,1.4120000000000001,1.2,0.8,1.4,51.8,1.5100000000000002,2,1,2,4.0,3.0
1.4,1.4,1.8,51.4,1.3060000000000003,1.8,0.8,2.0,55.6,1.532,0,2,0,6.0,5.0
1.6,0.6,1.6,61.4,1.242,1.6,1.2,1.8,60.4,1.77,0,1,0,5.0,4.0
0.0,2.6,0.0,45.2,0.30600000000000005,1.2,1.6,1.0,50.0,1.0580000000000003,2,0,3,6.0,4.0
1.2,1.2,1.4,54.4,1.1880000000000002,0.8,0.6,1.4,49.2,0.9540000000000001,0,1,0,1.0,2.0
0.8,0.4,1.6,60.4,1.1960000000000002,1.4,1.2,1.8,52.4,1.1920000000000002,0,2,1,5.0,4.0
1.8,1.6,1.4,39.4,0.9719999999999999,1.8,1.2,1.6,45.8,0.99,0,1,0,3.0,10.0
1.2,2.2,1.2,46.2,1.1540000000000004,1.6,0.6,2.0,49.2,1.264,0,2,1,4.0,5.0
1.4,1.6,0.8,51.0,1.4300000000000002,1.2,2.6,0.2,44.2,0.97,2,1,2,8.0,3.0
0.6,3.2,0.0,44.6,0.674,2.0,0.6,2.4,44.0,2.636,1,1,1,2.0,2.0
1.4,1.0,1.4,60.2,1.45,0.0,2.4,0.0,45.4,0.4640000000000001,0,2,0,5.0,0.0
2.6,0.8,2.6,43.4,2.278,1.4,1.6,1.6,56.8,1.424,2,0,3,4.0,0.0
2.2,0.8,2.6,52.8,2.1380000000000003,1.4,1.2,1.4,43.2,1.33,0,1,0,11.0,5.0
1.2,1.2,1.2,58.6,1.506,1.4,1.2,1.4,55.0,1.5559999999999998,0,1,0,4.0,6.0
1.0,1.2,0.8,40.0,1.272,0.8,0.6,1.6,58.6,1.396,1,1,1,3.0,8.0
0.8,0.6,1.4,49.2,1.058,1.0,1.8,0.2,52.8,1.564,1,2,2,4.0,7.0
1.8,0.8,2.0,48.8,2.292,2.0,1.4,2.0,48.4,2.1740000000000004,0,2,1,2.0,4.0
1.4,2.6,0.6,46.6,1.1300000000000001,1.2,0.8,2.0,52.6,1.124,2,1,2,4.0,8.0
1.8,1.4,2.0,50.4,1.19,1.8,1.2,2.0,37.0,0.984,0,2,1,4.0,4.0
1.2,1.4,1.2,51.0,0.9540000000000001,2.0,0.6,2.6,57.6,2.0840000000000005,0,3,2,4.0,4.0
1.2,1.4,0.8,53.8,1.2680000000000002,0.6,2.8,0.2,44.2,0.618,0,3,1,4.0,1.0
1.6,1.0,1.4,51.4,1.258,1.4,0.6,1.8,54.8,1.616,1,0,0,3.0,6.0
1.8,1.2,1.6,50.6,1.012,1.0,1.0,1.4,62.2,1.518,1,0,0,5.0,3.0
0.0,2.4,0.0,43.0,0.434,1.4,2.0,1.8,46.2,1.2899999999999998,2,0,3,12.0,2.0
1.0,0.6,1.6,60.8,1.4860000000000002,2.0,0.6,2.6,44.8,2.068,0,5,2,1.0,4.0
0.8,2.6,0.2,44.0,0.8,1.8,1.2,2.4,50.4,1.6620000000000001,2,0,3,2.0,13.0
1.4,1.8,1.4,50.8,1.58,0.0,2.2,0.0,45.0,0.42800000000000005,1,2,2,3.0,6.0
1.4,0.8,2.0,38.0,0.9219999999999999,0.8,1.0,0.8,38.4,1.108,2,0,1,1.0,7.0
1.0,0.6,1.8,59.0,1.51,0.8,1.0,1.0,49.2,1.19,1,1,1,13.0,5.0
1.4,1.0,2.0,52.8,1.266,1.0,1.4,0.8,52.2,1.35,0,4,2,1.0,4.0
2.0,0.8,2.4,60.4,1.884,1.0,1.0,1.0,54.0,0.982,0,2,1,10.0,3.0
1.2,0.2,2.0,57.0,1.402,1.4,2.2,0.6,47.2,1.06,1,2,2,15.0,4.0
2.0,1.2,2.4,47.0,1.85,1.4,0.8,1.6,46.4,1.112,0,4,1,7.0,2.0
1.4,2.0,0.4,52.6,1.864,1.8,1.4,1.8,46.2,1.062,0,1,0,6.0,9.0
2.0,0.8,2.4,45.2,1.702,2.0,1.6,2.0,43.6,2.174,0,5,0,5.0,4.0
0.8,0.8,1.2,40.4,1.106,1.8,1.0,1.6,65.6,1.8240000000000003,2,0,2,2.0,5.0
0.8,1.4,0.4,51.4,1.016,0.8,2.4,0.2,44.0,0.7180000000000001,1,1,1,2.0,5.0
1.2,2.4,1.4,44.4,1.7119999999999997,1.4,1.6,1.0,49.4,1.864,1,0,0,5.0,4.0
0.8,1.0,1.0,46.0,0.942,1.4,2.0,1.0,54.0,1.8780000000000001,0,4,2,4.0,7.0
2.0,1.0,2.4,52.0,1.802,3.0,0.4,3.0,49.4,1.964,0,4,1,7.0,7.0
1.0,1.2,1.0,47.8,1.1119999999999999,2.0,1.0,2.6,48.2,1.482,2,0,1,9.0,2.0
1.4,1.4,1.2,50.0,0.9380000000000001,0.8,0.6,1.6,59.8,1.3439999999999999,2,1,2,5.0,4.0
1.4,2.0,0.8,41.4,0.9880000000000001,1.2,0.8,1.8,58.8,1.504,2,0,4,0.0,12.0
0.4,2.2,0.2,44.8,0.6540000000000001,2.0,1.0,2.4,64.6,2.098,2,0,1,1.0,13.0
1.4,2.0,0.8,53.6,1.476,1.4,1.0,1.8,39.4,0.9460000000000001,2,1,2,7.0,1.0
2.2,0.8,2.2,65.2,2.06,2.6,0.4,3.0,48.8,2.178,0,2,1,10.0,2.0
1.8,0.6,2.2,60.2,1.69,1.0,2.4,1.0,38.8,1.134,1,2,2,3.0,6.0
1.0,0.8,1.6,60.2,1.168,0.6,1.0,1.0,40.2,1.006,0,1,0,10.0,2.0
3.0,1.2,2.4,50.0,1.884,1.4,2.6,0.8,37.4,0.726,0,3,0,11.0,2.0
2.0,0.8,3.0,43.0,1.3780000000000001,0.4,2.2,0.2,44.6,0.688,0,3,0,4.0,2.0
0.8,2.0,0.4,47.8,0.774,1.4,1.4,1.2,48.8,0.808,2,1,2,0.0,13.0
1.4,2.6,0.4,54.2,1.8559999999999999,1.0,1.4,0.6,51.6,1.0539999999999998,0,3,2,8.0,1.0
1.0,1.2,1.0,56.2,1.568,0.8,1.2,0.8,53.4,1.072,1,1,1,5.0,10.0
1.8,1.0,2.4,64.0,2.272,1.2,2.0,0.6,55.4,1.598,0,5,1,8.0,2.0
1.6,1.2,1.8,39.2,0.8960000000000001,1.6,1.2,1.6,43.2,1.21,2,0,2,4.0,5.0
2.2,0.6,2.6,65.6,1.9340000000000004,2.2,0.6,3.0,46.0,1.7099999999999997,0,1,0,4.0,5.0
2.6,0.8,2.4,48.4,2.2499999999999996,1.4,1.6,1.2,50.4,1.0939999999999999,0,1,0,5.0,3.0
0.4,1.0,0.8,38.4,0.8940000000000001,1.0,2.4,0.8,30.6,0.662,1,2,2,2.0,3.0
0.4,2.2,0.2,42.6,0.694,0.8,2.0,0.4,43.0,0.626,0,2,0,6.0,7.0
2.0,1.0,1.8,65.6,1.7719999999999998,1.0,1.0,1.2,52.0,1.34,2,1,2,2.0,3.0
1.2,1.8,0.4,51.8,1.1420000000000001,1.4,2.6,0.6,54.4,1.494,1,1,1,1.0,3.0
1.6,2.6,0.8,56.8,1.7100000000000002,3.2,1.0,2.4,56.0,2.168,1,1,1,1.0,4.0
1.6,1.0,1.6,44.0,1.302,0.4,1.4,0.4,56.6,1.42,0,4,3,7.0,3.0
1.2,0.6,2.2,59.4,1.274,2.2,1.0,2.4,62.2,1.904,0,3,1,3.0,6.0
1.2,2.6,1.0,33.8,1.3199999999999998,0.8,1.2,1.2,41.4,0.772,1,1,1,7.0,4.0
1.2,1.4,1.2,50.2,1.066,0.8,1.2,1.0,44.8,0.8700000000000001,2,1,3,5.0,5.0
2.0,0.8,2.4,45.0,1.5619999999999998,1.8,2.2,1.0,54.8,1.668,2,0,2,7.0,4.0
0.6,2.2,0.2,44.4,0.6300000000000001,2.0,0.6,2.6,64.0,1.616,1,0,0,1.0,15.0
1.0,2.6,0.4,31.8,0.5980000000000001,2.2,1.2,2.2,43.0,1.536,2,0,1,5.0,6.0
1.2,0.8,1.8,49.2,1.16,2.2,0.8,2.4,50.0,2.192,2,0,1,10.0,0.0
2.8,1.2,2.0,58.4,1.886,1.6,0.8,2.2,56.4,1.682,0,2,0,2.0,8.0
1.0,2.0,0.4,53.6,1.4060000000000001,1.4,1.8,0.6,51.2,1.042,2,0,2,8.0,5.0
1.6,2.6,0.8,53.2,1.4900000000000002,1.0,2.6,0.6,36.0,1.7120000000000002,2,0,2,4.0,8.0
0.8,1.4,0.8,45.2,0.818,0.8,1.8,0.8,47.0,0.96,1,2,2,4.0,4.0
2.2,1.6,1.8,60.4,1.8359999999999999,1.8,1.2,1.2,65.4,1.5799999999999998,1,2,2,3.0,1.0
2.0,0.6,2.4,46.4,1.7819999999999996,1.0,2.8,0.2,52.4,1.202,0,2,0,9.0,1.0
1.6,1.2,2.0,55.6,1.5739999999999998,1.0,2.4,0.2,55.8,1.6700000000000004,0,1,0,7.0,2.0
1.2,1.2,1.4,46.0,0.876,0.4,1.6,0.4,40.2,0.44200000000000006,0,2,0,4.0,5.0
1.4,1.4,1.0,49.6,1.256,1.0,1.4,1.0,46.8,0.782,2,1,2,8.0,7.0
1.2,1.6,1.0,44.2,1.074,0.8,2.4,0.4,33.0,0.624,0,2,0,2.0,2.0
2.4,1.2,2.6,44.8,1.582,0.8,1.6,0.6,55.4,1.076,2,2,3,5.0,3.0
2.0,1.4,1.2,62.6,1.738,2.4,1.0,2.0,57.8,1.764,0,1,0,10.0,7.0
2.0,1.8,1.6,51.2,1.782,2.2,1.4,2.0,56.8,2.014,0,3,2,3.0,3.0
2.0,0.6,2.6,66.6,1.8820000000000001,0.8,0.6,1.6,53.6,0.8959999999999999,0,3,1,3.0,1.0
1.0,1.6,1.2,40.2,2.0260000000000002,1.6,1.0,1.8,45.0,1.2020000000000002,0,4,2,0.0,9.0
0.8,1.8,0.2,56.0,1.586,1.8,0.6,2.4,48.0,1.4539999999999997,0,2,0,4.0,3.0
1.4,1.2,1.4,55.6,1.828,1.4,1.2,1.4,44.4,1.15,2,0,1,12.0,3.0
0.8,1.2,1.0,54.0,0.828,1.2,1.2,1.4,46.2,0.9339999999999999,0,2,0,6.0,1.0
1.4,1.8,1.2,53.4,1.06,1.6,0.4,2.6,64.4,1.428,2,0,2,1.0,6.0
1.2,1.4,1.2,51.4,1.006,2.6,1.6,2.4,47.8,2.1079999999999997,1,1,1,8.0,3.0
2.2,1.8,1.4,56.0,2.104,1.8,1.0,1.8,38.4,1.9580000000000002,1,1,1,11.0,0.0
0.4,1.4,0.4,42.2,0.6220000000000001,2.0,1.2,1.6,60.0,1.674,2,1,2,5.0,8.0
0.6,2.4,0.2,46.2,0.9119999999999999,2.2,1.8,2.0,49.2,1.44,2,1,4,2.0,11.0
0.4,2.4,0.2,37.6,0.692,1.4,1.4,1.0,52.8,1.182,2,1,3,4.0,0.0
1.4,1.4,1.6,46.2,1.0699999999999998,1.4,0.8,2.4,50.2,1.286,2,0,1,7.0,4.0
2.2,2.0,1.0,58.2,2.0180000000000002,1.2,1.2,1.4,52.0,1.008,0,4,2,6.0,7.0
1.0,0.8,1.8,45.0,1.0799999999999998,1.2,0.6,1.4,58.2,1.8820000000000001,1,0,0,3.0,6.0
0.6,2.8,0.2,38.8,0.8899999999999999,0.0,0.0,0.0,0.0,0.0,0,3,0,6.0,5.0
2.6,1.2,2.6,51.8,1.6020000000000003,1.2,1.8,1.2,54.6,1.2660000000000002,1,1,1,4.0,3.0
0.0,0.0,0.0,0.0,0.0,1.8,1.4,1.4,54.2,1.216,0,3,0,5.0,7.0
1.2,1.6,0.8,53.2,1.1640000000000001,1.6,0.4,2.6,61.6,1.6179999999999999,2,0,4,4.0,5.0
1.2,0.6,2.4,48.0,1.3239999999999998,2.0,1.2,1.8,39.2,2.238,1,0,0,11.0,2.0
1.0,1.4,1.0,50.6,1.214,2.0,1.4,2.0,48.8,1.9600000000000002,0,3,1,5.0,5.0
1.2,1.6,0.8,57.4,1.9120000000000001,1.6,1.4,1.6,57.4,1.642,2,0,1,3.0,4.0
0.0,0.0,0.0,0.0,0.0,1.6,0.8,2.0,44.8,1.2,0,1,0,7.0,2.0
1.4,1.4,1.4,57.4,1.0740000000000003,1.0,0.6,2.0,51.4,1.468,2,1,5,7.0,5.0
2.0,0.2,2.6,60.8,1.8940000000000001,1.0,1.8,0.8,44.6,1.262,2,0,2,7.0,2.0
1.4,1.8,1.2,52.2,1.242,0.6,2.4,0.2,50.4,0.8719999999999999,0,1,0,8.0,3.0
0.0,3.0,0.0,33.0,0.94,3.0,0.0,3.0,37.0,0.75,0,2,0,4.0,3.0
1.8,2.0,1.4,49.0,2.0,0.8,0.4,2.0,45.4,0.784,0,1,0,2.0,9.0
1.4,1.0,2.0,51.6,1.668,1.0,0.0,3.0,54.0,2.13,0,5,0,2.0,2.0
1.6,0.8,2.0,45.0,1.272,2.2,1.0,2.2,51.2,1.636,0,2,0,2.0,2.0
1.6,0.8,1.8,38.4,2.008,1.6,1.2,1.6,50.4,1.4,1,1,1,1.0,3.0
1.0,1.8,0.8,51.6,0.9339999999999999,1.0,1.6,0.6,57.2,1.7120000000000002,1,1,1,9.0,6.0
0.6,0.6,1.0,54.6,1.598,2.0,2.2,1.0,58.0,2.004,2,2,3,7.0,1.0
1.4,0.6,2.0,56.2,1.3900000000000001,1.2,1.8,1.0,52.4,1.116,0,2,0,6.0,4.0
0.6,1.0,0.8,56.2,1.7259999999999998,1.0,1.5,1.5,37.5,0.97,0,3,2,7.0,1.0
0.6,2.4,0.2,51.4,0.876,1.6,0.4,2.4,41.8,1.482,2,2,3,2.0,2.0
1.2,1.6,1.2,43.6,1.3299999999999998,1.2,1.6,1.2,54.0,1.306,2,0,1,0.0,8.0
1.5,1.0,1.5,47.5,0.76,1.2,1.4,1.4,44.4,1.682,0,2,1,3.0,4.0
0.5,2.5,1.5,43.0,1.15,0.8,1.0,0.8,51.4,1.42,1,0,0,5.0,5.0
2.0,1.2,2.0,53.6,1.984,1.8,0.6,2.0,60.2,2.0740000000000003,0,2,1,3.0,2.0
1.6,1.2,1.6,51.8,1.444,1.4,2.2,1.2,54.4,1.052,2,0,3,9.0,7.0
2.4,2.0,1.6,57.4,1.9319999999999997,2.2,0.6,2.6,55.2,1.9600000000000002,0,1,0,3.0,8.0
0.6,0.6,1.4,50.2,0.8300000000000001,1.6,0.8,1.8,37.0,1.716,2,0,3,10.0,1.0
1.8,0.4,2.4,53.4,1.542,1.2,1.4,1.4,52.2,1.33,0,3,0,8.0,3.0
0.4,1.0,0.4,53.8,1.1999999999999997,1.0,2.6,0.2,52.0,0.916,0,1,0,9.0,4.0
1.4,1.4,1.8,48.6,1.464,2.0,1.4,2.0,52.2,2.128,0,2,1,4.0,4.0
1.0,1.6,1.0,48.8,1.1620000000000001,0.3333333333333333,1.6666666666666667,1.3333333333333333,43.0,0.9966666666666666,0,1,0,3.0,3.0
1.6,0.6,2.4,42.8,1.6439999999999997,0.4,1.2,0.8,55.0,0.8619999999999999,1,0,0,10.0,3.0
1.8,0.8,1.8,34.8,1.568,1.6666666666666667,1.0,2.0,49.666666666666664,1.02,1,0,0,5.0,3.0
1.6,2.2,1.2,53.2,1.184,1.2,1.4,1.2,46.4,1.232,2,0,3,2.0,13.0
1.2,1.8,0.8,43.6,1.64,1.8,0.2,2.6,56.0,1.722,1,2,2,5.0,6.0
1.3333333333333333,2.0,1.0,37.666666666666664,1.0466666666666666,2.2,1.6,2.0,59.2,1.5579999999999998,2,0,1,1.0,13.0
2.0,1.0,1.8,58.4,2.0780000000000003,1.2,1.0,1.4,58.2,2.006,0,3,0,2.0,4.0
2.0,1.0,2.6,65.2,1.642,1.2,0.6,2.0,42.4,1.514,0,2,1,5.0,4.0
0.6,2.0,0.2,46.8,0.734,0.25,1.5,1.0,43.75,0.945,2,1,3,4.0,0.0
1.0,1.75,0.75,33.0,0.8174999999999999,0.8,1.8,0.8,53.6,0.9780000000000001,1,1,1,4.0,5.0
1.4,2.4,1.2,48.2,1.0779999999999998,1.0,0.4,1.4,39.8,1.5899999999999999,2,1,2,8.0,8.0
1.6,1.4,1.4,52.2,1.812,1.8,1.0,1.8,52.8,1.3880000000000001,1,2,2,2.0,10.0
1.2,1.4,1.4,58.6,2.25,2.0,0.6,2.2,59.8,1.8060000000000003,0,2,1,5.0,5.0
0.6,1.2,1.0,49.8,1.134,1.2,1.6,1.0,40.2,1.3519999999999999,0,3,1,2.0,10.0
1.6,1.0,2.4,50.2,1.53,0.6,0.8,1.0,55.4,1.1380000000000001,1,0,0,5.0,2.0
1.25,0.75,1.75,48.25,0.855,0.0,1.2,0.4,51.8,0.692,1,1,1,6.0,5.0
2.2,0.4,2.4,54.0,1.782,2.0,0.8,1.8,56.0,2.2960000000000003,1,1,1,11.0,1.0
1.2,2.0,0.8,39.4,1.186,1.2,1.6,1.4,53.4,2.0279999999999996,0,3,1,4.0,2.0
2.0,1.0,1.6,62.0,1.674,1.2,1.6,1.0,46.0,1.6280000000000001,2,1,3,5.0,7.0
1.8,1.0,1.4,52.0,1.8719999999999999,1.0,1.6,0.8,33.8,0.8239999999999998,0,5,1,10.0,2.0
1.2,0.4,1.8,42.2,1.698,2.2,1.0,3.0,62.8,1.3940000000000001,0,2,1,2.0,6.0
0.8,1.4,1.4,43.8,0.852,1.2,1.0,2.0,48.8,1.298,1,2,2,7.0,4.0
1.0,1.8,1.0,55.8,0.9580000000000002,1.2,0.8,1.6,44.4,0.892,2,0,1,7.0,4.0
2.0,0.6,2.0,59.0,1.226,0.6,2.4,0.0,48.2,0.882,1,1,1,10.0,9.0
0.2,1.0,0.6,59.4,0.7699999999999999,1.2,1.0,1.6,51.0,1.0799999999999998,0,3,1,2.0,8.0
0.6,0.6,1.2,51.2,0.9119999999999999,2.0,0.4,2.0,55.0,1.4819999999999998,2,1,2,7.0,12.0
1.2,1.0,1.4,44.0,1.4220000000000002,1.0,2.6,0.6,47.8,0.994,1,1,1,3.0,5.0
1.2,0.6,2.2,52.8,1.122,1.2,1.4,1.4,51.4,1.112,0,3,1,4.0,3.0
1.0,1.8,1.0,41.2,0.7939999999999999,1.6,0.8,1.6,55.8,0.9359999999999999,2,1,2,4.0,1.0
1.4,2.0,1.4,52.4,2.1399999999999997,0.8,0.8,1.6,44.0,1.074,0,2,0,2.0,3.0
2.2,0.6,2.0,59.8,1.6280000000000001,1.2,2.2,0.8,44.8,1.1199999999999999,0,2,0,8.0,3.0
2.2,1.6,1.4,59.6,1.716,1.6,1.0,2.4,65.0,1.3800000000000001,0,2,1,7.0,2.0
0.8,1.0,1.0,46.6,0.748,0.4,1.8,0.4,58.0,0.9279999999999999,0,2,0,8.0,1.0
0.8,1.8,0.2,49.6,1.0,1.6,1.6,1.4,44.0,1.7880000000000003,1,1,1,2.0,8.0
1.4,1.0,1.6,45.2,1.4080000000000001,1.6,0.6,2.2,42.2,2.15,0,2,1,2.0,4.0
0.8,1.2,1.0,61.0,0.9520000000000002,1.2,2.0,0.8,33.4,0.7180000000000001,0,2,1,6.0,4.0
1.6,1.6,1.4,39.0,1.2919999999999998,2.0,1.2,1.4,54.2,1.784,2,0,1,3.0,2.0
0.2,2.0,0.2,56.2,0.8019999999999999,1.6,1.6,1.4,58.4,1.3679999999999999,2,0,3,5.0,2.0
1.0,2.4,0.2,34.0,0.5980000000000001,1.2,1.2,1.0,46.2,1.0959999999999999,0,2,0,1.0,5.0
2.2,0.8,2.0,56.0,1.6439999999999997,1.4,1.2,1.6,46.8,1.4939999999999998,0,2,0,11.0,3.0
1.8,1.4,1.6,44.0,1.486,0.8,0.4,1.6,49.2,1.2420000000000002,0,2,1,8.0,4.0
1.6,0.8,2.0,43.8,2.2359999999999998,1.6,0.8,2.2,51.8,1.088,1,3,3,6.0,5.0
0.8,0.8,1.6,42.4,1.0619999999999998,1.0,1.8,0.4,49.8,1.02,0,2,0,2.0,2.0
1.2,1.8,1.2,50.2,0.9359999999999999,1.6,0.6,2.0,59.8,1.6059999999999999,2,0,1,6.0,10.0
1.6,1.0,1.6,56.6,0.8200000000000001,1.2,1.2,1.6,56.8,0.9460000000000001,2,1,2,6.0,6.0
1.2,1.0,1.8,62.0,1.6320000000000001,1.6,1.8,1.8,52.8,2.182,2,1,2,9.0,4.0
1.0,1.6,0.8,43.0,1.072,1.4,1.8,0.8,40.2,1.19,2,0,2,6.0,10.0
1.2,1.6,0.8,51.4,1.484,0.4,2.0,0.2,43.4,0.6580000000000001,0,2,1,3.0,4.0
1.0,0.8,1.4,48.6,1.44,1.2,1.6,1.2,48.4,0.82,0,2,1,4.0,3.0
1.8,1.6,1.4,57.6,1.232,0.8,0.6,1.6,39.8,0.884,2,1,2,9.0,1.0
1.4,1.6,1.8,47.6,1.7240000000000002,1.8,1.4,1.6,45.8,1.21,0,4,2,1.0,6.0
1.6,1.4,1.4,42.2,1.424,1.2,1.4,1.2,64.2,2.0780000000000003,0,3,2,5.0,4.0
2.0,1.4,1.8,53.6,1.176,0.2,2.0,0.2,54.6,1.126,0,2,0,6.0,4.0
0.6,1.6,0.4,49.8,0.9640000000000001,1.0,1.8,0.8,32.6,0.44800000000000006,2,2,3,4.0,3.0
1.8,0.4,2.6,63.0,1.8820000000000001,1.6,1.4,1.6,45.8,2.594,0,1,0,4.0,3.0
1.6,0.8,2.2,54.6,0.7819999999999999,2.4,0.4,2.6,57.6,1.7519999999999996,0,1,0,5.0,6.0
0.8,1.2,1.0,44.4,1.27,1.8,1.2,1.6,55.0,0.932,2,0,3,9.0,8.0
1.2,2.0,0.6,47.4,0.9560000000000001,1.0,2.0,0.4,52.6,1.3199999999999998,0,3,0,10.0,1.0
1.6,2.0,1.4,37.4,0.708,1.4,0.4,2.6,64.2,1.698,2,0,2,1.0,6.0
2.0,1.8,1.6,47.2,1.31,1.6,1.6,1.4,50.4,1.6239999999999999,0,3,0,4.0,7.0
1.6,1.6,1.4,42.6,2.33,1.8,1.4,1.8,42.2,1.6880000000000002,0,2,0,6.0,5.0
0.2,1.8,0.2,55.0,1.16,2.2,1.4,2.4,45.4,1.6780000000000002,1,2,2,8.0,5.0
1.8,1.2,1.6,51.4,1.018,1.6,1.6,1.2,58.0,1.1620000000000001,2,0,1,6.0,5.0
1.4,2.0,0.6,61.2,2.008,1.8,0.8,2.6,53.6,0.836,0,2,0,1.0,4.0
0.6,1.8,0.2,48.0,0.6679999999999999,1.2,1.0,1.4,47.4,1.5580000000000003,0,3,1,7.0,6.0
1.8,0.6,2.0,59.2,1.462,2.0,1.2,1.8,53.8,1.002,0,3,1,9.0,4.0
1.2,0.8,2.0,37.4,1.0740000000000003,0.8,1.8,0.8,45.6,1.202,1,1,1,4.0,1.0
1.4,1.0,1.4,48.2,0.794,2.2,1.6,2.0,49.0,1.534,1,2,2,5.0,3.0
0.8,1.6,1.0,44.8,1.2399999999999998,1.2,1.8,0.6,49.4,1.032,0,2,0,7.0,5.0
1.0,1.6,0.8,44.0,0.8859999999999999,1.4,2.2,1.2,39.2,0.622,0,3,2,7.0,4.0
1.2,0.8,2.0,43.8,1.1099999999999999,1.6,0.2,3.0,61.6,2.004,1,2,2,2.0,2.0
1.6,1.2,1.8,56.6,1.812,0.8,2.0,0.4,48.8,1.012,0,3,0,10.0,1.0
1.6,1.4,1.4,41.2,2.008,2.2,1.4,2.0,50.0,1.6599999999999997,1,0,0,4.0,8.0
1.6,1.2,1.8,45.6,1.6759999999999997,1.4,1.6,1.2,51.2,1.634,0,3,1,6.0,2.0
0.4,2.0,0.2,50.6,1.326,1.0,2.0,0.8,51.6,1.6280000000000001,0,3,1,6.0,4.0
1.6,1.0,2.4,48.8,0.762,2.2,1.8,1.6,53.0,1.0539999999999998,0,4,0,6.0,9.0
2.2,0.6,2.4,62.2,1.732,1.4,1.8,0.6,60.4,2.066,0,3,0,7.0,7.0
1.6,1.8,1.2,44.4,0.752,2.0,0.6,2.4,57.4,2.112,2,0,2,1.0,9.0
1.8,2.2,1.4,50.8,1.2120000000000002,1.4,1.8,1.2,43.0,1.252,1,2,2,9.0,2.0
1.0,1.6,0.6,49.0,0.9280000000000002,1.4,1.2,1.6,43.8,0.866,0,1,0,7.0,4.0
0.6,2.4,0.2,46.2,0.8160000000000001,1.2,1.2,1.0,44.0,1.5740000000000003,2,0,2,1.0,4.0
1.2,2.0,0.6,56.2,1.7599999999999998,1.0,2.0,0.8,46.8,1.5,2,0,3,8.0,6.0
1.6,1.2,1.6,53.6,1.2819999999999998,1.6,1.2,1.8,46.6,1.7420000000000002,0,2,1,7.0,4.0
1.4,1.8,1.2,54.0,1.6,1.8,0.4,2.4,58.2,1.6280000000000001,0,2,1,5.0,9.0
0.8,2.2,0.6,54.2,1.3980000000000001,1.8,0.8,2.4,49.6,0.8800000000000001,2,1,2,3.0,3.0
1.6,0.4,2.6,62.0,1.9780000000000002,1.6,1.2,1.4,49.0,0.804,0,4,1,4.0,1.0
2.4,1.4,2.2,46.8,1.2440000000000002,1.0,1.4,1.4,44.4,1.3820000000000001,2,0,1,9.0,1.0
1.8,0.8,1.8,57.6,1.956,0.8,2.2,0.6,52.4,1.4200000000000002,0,3,2,8.0,1.0
1.8,1.4,1.8,47.8,1.984,1.4,1.8,1.2,44.2,0.76,0,3,1,5.0,6.0
1.4,1.0,1.6,42.4,0.7579999999999999,1.6,2.4,1.0,55.2,1.798,0,3,2,6.0,3.0
0.8,1.2,1.4,40.4,1.018,1.4,2.0,1.2,50.4,1.358,2,1,4,8.0,7.0
1.4,1.8,0.8,49.0,0.712,1.0,1.0,1.2,51.2,1.184,2,1,2,8.0,2.0
1.4,0.8,1.6,44.4,1.5220000000000002,2.0,1.6,1.6,50.8,1.218,2,1,2,4.0,4.0
1.8,1.8,1.4,41.4,1.284,1.0,2.2,0.6,61.8,1.7560000000000002,2,0,2,7.0,2.0
1.6,1.6,1.4,42.0,1.7560000000000002,1.8,1.2,2.0,54.8,1.3419999999999999,2,0,2,9.0,2.0
1.8,0.8,2.4,49.0,0.9640000000000001,0.4,2.6,0.0,47.4,1.0619999999999998,0,1,0,7.0,3.0
2.0,0.4,2.4,58.0,2.2560000000000002,2.0,0.6,2.6,59.8,1.81,1,1,1,3.0,3.0
1.4,2.4,0.8,57.0,1.732,1.0,1.6,1.4,44.4,1.054,2,0,1,1.0,6.0
1.4,1.0,1.8,51.2,1.1860000000000002,2.0,1.2,1.8,55.8,2.1,2,4,5,7.0,2.0
2.0,1.8,1.8,49.8,1.45,1.4,1.8,0.8,51.0,0.734,1,2,2,11.0,8.0
0.4,2.4,0.0,45.2,0.994,1.6,1.4,1.4,42.4,1.464,2,0,1,3.0,9.0
2.0,0.8,2.2,59.6,1.688,2.0,1.6,1.8,47.0,2.1220000000000003,0,2,0,4.0,8.0
1.2,2.4,0.6,47.6,0.86,1.0,0.6,1.4,42.8,1.0,2,0,1,3.0,3.0
1.8,1.0,2.0,55.2,1.5599999999999998,1.6,0.6,2.4,50.0,1.0879999999999999,2,3,4,5.0,6.0
1.2,1.8,1.2,60.2,1.454,1.6,1.4,1.6,42.8,0.884,1,1,1,7.0,3.0
1.2,2.4,0.6,46.2,1.202,1.6,0.6,2.0,55.6,2.0800000000000005,0,3,1,4.0,2.0
2.0,1.6,1.6,54.8,1.188,1.8,1.8,1.4,41.4,1.272,1,1,1,6.0,6.0
2.2,1.2,2.4,49.4,1.408,2.2,0.8,2.2,60.0,1.8579999999999999,0,2,1,3.0,3.0
2.0,2.0,1.4,50.2,1.4300000000000002,0.6,2.2,0.0,50.6,0.764,0,2,1,9.0,9.0
1.0,2.6,0.2,57.6,1.716,1.6,0.8,2.0,56.2,2.092,1,0,0,5.0,0.0
1.2,1.0,2.0,42.6,0.9940000000000001,1.8,1.0,2.0,42.8,1.5379999999999998,0,3,0,6.0,3.0
1.2,2.2,0.4,51.2,0.54,1.4,1.6,1.2,47.8,1.642,0,2,0,7.0,6.0
3.0,1.8,2.4,53.8,2.298,1.4,1.4,1.2,42.8,0.704,0,3,0,6.0,5.0
1.4,2.4,0.6,43.8,1.462,1.0,1.4,1.4,60.6,1.284,1,3,3,5.0,4.0
2.0,1.0,2.0,55.2,1.778,1.8,1.6,1.6,36.6,1.3,1,1,1,10.0,6.0
2.0,1.6,1.8,52.8,1.062,1.2,0.4,2.0,43.2,1.028,2,1,2,6.0,4.0
0.0,2.0,0.0,43.8,0.7200000000000001,1.4,1.4,1.2,59.0,1.29,2,1,4,1.0,9.0
1.2,2.0,1.0,61.0,1.4280000000000002,1.6,1.2,1.6,58.8,1.538,0,2,0,2.0,2.0
1.4,0.8,1.6,58.0,1.54,1.6,0.8,2.4,43.0,1.04,0,2,0,4.0,7.0
0.8,2.2,0.0,47.4,1.0020000000000002,1.6,2.0,1.2,52.8,0.9360000000000002,2,2,3,10.0,4.0
2.0,1.2,1.6,59.8,1.7579999999999998,0.2,2.2,0.0,43.8,0.7540000000000001,0,2,1,8.0,0.0
1.4,1.6,1.2,35.6,1.178,2.6,1.0,3.0,49.4,1.7580000000000002,2,2,3,5.0,3.0
1.2,0.6,2.0,43.4,1.218,3.0,1.6,2.4,57.0,2.338,2,0,3,2.0,2.0
1.4,1.2,1.8,46.4,1.258,1.6,2.0,1.0,52.2,0.9560000000000001,0,3,0,3.0,3.0
1.2,1.8,1.0,37.8,0.6020000000000001,2.2,1.6,2.0,51.6,1.6800000000000002,0,1,0,3.0,6.0
1.4,1.6,1.2,44.4,1.592,2.0,2.4,0.8,42.8,1.6640000000000001,1,1,1,0.0,3.0
1.8,1.2,1.6,59.8,1.9140000000000001,0.8,2.0,0.4,55.0,1.8560000000000003,1,4,4,5.0,4.0
2.0,1.2,2.0,52.0,1.6400000000000001,1.2,0.8,1.6,56.8,1.318,1,2,2,6.0,4.0
1.6,2.0,0.6,54.0,1.922,0.8,2.2,0.0,46.6,1.282,1,1,1,5.0,3.0
0.4,2.0,0.0,42.8,0.796,1.0,1.6,0.8,46.0,1.2659999999999998,2,0,2,3.0,4.0
3.0,1.6,2.4,59.4,2.274,1.2,1.8,0.6,35.2,0.78,0,3,0,6.0,0.0
1.6,1.6,1.4,57.4,1.8399999999999999,1.0,1.4,1.4,40.2,0.574,1,0,0,3.0,4.0
1.2,2.2,0.8,51.6,0.8380000000000001,1.6,1.4,1.6,60.6,1.684,2,1,2,2.0,6.0
1.2,1.2,1.8,41.4,0.958,2.0,1.0,2.0,60.6,1.6019999999999999,2,0,1,2.0,3.0
2.0,2.0,1.0,40.6,1.83,1.2,1.2,1.8,42.8,1.444,0,4,1,9.0,5.0
2.4,1.4,3.0,50.8,1.552,2.2,1.6,1.6,62.2,2.4680000000000004,0,2,1,5.0,5.0
2.2,2.0,1.8,52.2,1.302,1.4,1.0,1.8,46.8,1.2120000000000002,0,1,0,1.0,5.0
2.4,1.8,1.6,59.6,2.3920000000000003,2.0,1.4,1.6,54.8,1.6540000000000004,0,1,0,2.0,11.0
0.8,1.2,1.2,51.8,1.03,3.4,1.2,3.0,59.2,2.1959999999999997,2,1,2,5.0,5.0
2.0,1.0,2.2,58.6,1.43,0.4,2.0,0.0,41.8,0.692,0,2,1,6.0,4.0
1.4,0.8,2.0,62.2,1.616,1.2,1.4,1.0,56.0,1.8219999999999998,0,2,1,7.0,2.0
1.0,2.0,0.2,44.6,1.27,1.0,1.4,1.2,42.4,0.9560000000000001,1,0,0,6.0,5.0
0.8,2.0,0.4,37.2,0.8460000000000001,2.2,2.0,1.8,50.8,1.17,2,0,1,5.0,4.0
1.2,1.2,1.4,50.2,1.1400000000000001,1.4,1.8,0.6,52.0,1.3940000000000001,0,4,1,2.0,15.0
1.2,1.2,1.2,56.2,1.218,2.4,1.4,3.0,49.0,1.544,2,1,2,6.0,7.0
1.0,1.2,1.6,40.2,0.8160000000000001,2.6,1.8,1.6,41.6,2.006,1,1,1,3.0,9.0
1.0,2.0,1.2,41.8,1.502,1.2,1.8,0.8,50.0,1.038,2,0,1,3.0,2.0
0.8,1.4,0.4,45.8,1.3619999999999999,1.2,1.4,1.0,58.0,1.5079999999999998,2,1,3,3.0,4.0
0.8,1.8,0.4,37.2,0.97,1.0,1.8,0.4,55.8,1.592,1,2,2,5.0,5.0
1.2,1.4,1.0,61.2,1.488,1.2,2.0,0.6,50.8,1.598,1,2,2,12.0,3.0
1.0,1.2,1.2,48.2,0.962,0.8,0.6,1.4,41.8,0.922,2,0,2,9.0,2.0
2.2,1.6,1.6,55.0,2.408,0.6,2.2,0.0,38.8,0.808,1,1,1,8.0,4.0
1.6,0.8,2.4,60.4,1.98,2.6,1.6,3.0,46.0,1.594,0,4,1,3.0,3.0
2.0,1.2,2.2,60.8,1.49,2.4,1.4,1.8,45.4,2.132,1,0,0,8.0,3.0
0.8,1.8,1.2,45.4,1.43,2.0,1.8,1.8,54.6,1.4040000000000001,1,1,1,6.0,3.0
1.4,1.2,1.4,49.6,1.26,1.2,1.4,1.4,45.0,1.042,1,0,0,3.0,1.0
0.6,1.0,1.2,40.2,0.7,3.2,1.0,3.0,60.0,1.8659999999999997,1,0,0,3.0,5.0
2.0,1.8,2.4,48.0,1.6460000000000001,0.8,1.6,0.6,52.2,1.1239999999999999,0,3,1,4.0,4.0
0.8,2.2,0.2,37.6,0.858,1.0,2.0,0.4,38.0,1.2239999999999998,0,3,0,6.0,7.0
0.8,1.4,0.6,56.8,1.738,1.0,1.8,0.4,43.8,1.3900000000000001,0,2,0,4.0,4.0
1.6,2.2,0.8,46.4,2.1260000000000003,2.0,1.0,2.4,57.2,2.2339999999999995,2,2,3,7.0,5.0
1.8,1.2,1.4,46.0,1.7120000000000002,2.2,1.6,1.6,53.2,2.216,1,1,1,6.0,4.0
1.4,1.2,1.4,57.8,1.562,0.8,2.0,0.8,45.0,1.698,0,2,0,8.0,6.0
1.0,0.6,1.4,38.8,0.8860000000000001,1.4,0.8,1.6,53.2,1.374,2,2,4,4.0,5.0
0.8,1.0,1.4,44.4,1.064,0.4,0.8,1.2,40.2,0.7939999999999999,1,1,1,3.0,5.0
1.4,1.0,2.0,55.2,1.574,1.8,1.0,2.2,60.8,1.616,1,2,2,3.0,8.0
2.2,0.2,2.6,65.0,1.8800000000000001,1.4,1.2,1.2,60.4,1.7580000000000002,1,1,1,8.0,2.0
0.8,2.4,0.2,45.0,1.046,1.0,1.6,0.6,45.8,1.196,2,1,2,6.0,5.0
2.0,2.8,0.6,47.2,2.128,0.6,1.2,1.0,43.6,0.8640000000000001,0,3,2,3.0,7.0
1.6,1.0,2.2,51.0,1.5699999999999998,1.6,1.4,1.2,56.8,1.9440000000000002,0,2,1,2.0,11.0
0.8,1.4,0.8,39.6,0.8399999999999999,1.2,1.4,0.8,36.8,1.15,1,1,1,2.0,7.0
1.8,0.4,2.2,63.6,1.6,1.0,1.2,1.0,55.2,1.654,1,1,1,6.0,2.0
0.4,2.2,0.2,45.8,1.508,2.2,1.8,2.4,53.2,1.532,1,0,0,3.0,5.0
2.2,0.8,2.2,54.8,1.848,0.6,0.4,1.4,43.2,0.74,0,3,0,7.0,4.0
1.4,1.0,1.4,55.6,1.6239999999999999,1.4,0.8,1.4,46.0,1.5899999999999999,0,4,3,8.0,4.0
0.8,1.8,0.4,45.8,1.128,1.6,1.6,1.2,51.6,1.684,1,2,2,2.0,6.0
2.4,1.0,3.0,58.0,2.0759999999999996,1.6,0.8,2.2,61.4,1.508,1,0,0,3.0,0.0
1.2,1.2,1.2,53.2,1.5139999999999998,1.4,0.6,1.8,63.4,1.832,0,2,0,1.0,6.0
1.2,0.8,1.8,62.0,1.192,0.8,1.6,0.6,42.2,0.6839999999999999,1,1,1,9.0,1.0
1.0,1.2,1.0,44.8,1.048,0.6,2.2,0.2,46.2,1.03,2,1,2,11.0,5.0
1.4,1.8,0.6,54.2,1.982,2.6,0.6,2.6,53.6,2.352,0,2,0,3.0,9.0
1.8,1.4,1.2,44.8,1.6640000000000001,1.4,0.8,2.2,52.6,1.364,0,1,0,7.0,3.0
0.4,1.0,0.8,43.6,1.024,0.4,1.6,0.4,46.2,1.432,0,2,1,3.0,4.0
0.8,1.8,0.6,46.8,1.0080000000000002,2.0,0.8,2.6,53.8,1.964,1,0,0,4.0,9.0
1.2,1.2,1.0,41.6,1.21,2.2,1.4,2.0,57.6,2.064,1,0,0,4.0,7.0
1.6,1.4,2.0,53.2,1.746,1.0,1.2,1.0,40.2,0.812,2,0,1,6.0,4.0
1.2,1.0,1.2,53.0,1.436,1.8,2.4,1.0,47.0,1.9939999999999998,1,1,1,11.0,6.0
1.0,1.8,0.8,47.0,1.3719999999999999,0.8,1.2,1.2,46.4,1.09,0,3,1,3.0,3.0
1.2,1.0,1.6,53.4,1.142,1.4,1.2,1.2,55.0,1.4140000000000001,0,2,1,6.0,6.0
0.8,1.6,0.6,40.8,0.688,1.0,1.2,1.0,50.2,1.17,1,2,2,1.0,3.0
0.8,1.0,1.2,63.8,1.5020000000000002,1.2,0.8,1.2,39.6,1.0139999999999998,0,2,0,4.0,6.0
1.8,2.4,1.0,40.4,1.9700000000000002,1.0,0.8,1.4,63.6,1.6960000000000002,0,3,2,3.0,11.0
1.8,1.0,2.0,61.6,1.7899999999999998,1.2,1.4,1.4,57.2,1.7260000000000002,2,0,2,6.0,5.0
0.4,1.2,0.4,45.4,1.242,1.4,1.4,1.0,52.8,2.056,2,1,3,4.0,5.0
2.2,1.0,2.0,53.0,2.4,0.8,1.6,0.8,44.8,0.942,2,0,2,6.0,5.0
1.8,0.8,2.2,52.8,1.984,1.4,0.8,1.8,48.2,1.702,2,2,3,9.0,2.0
1.2,1.0,1.6,40.6,0.874,1.2,1.2,1.2,43.4,1.416,1,1,1,4.0,4.0
1.0,0.8,1.2,40.2,0.922,2.2,2.0,1.6,36.8,1.8960000000000001,2,0,2,5.0,6.0
1.4,1.2,1.2,55.8,1.5619999999999998,1.4,1.2,1.6,43.0,0.85,1,1,1,5.0,2.0
1.2,1.2,1.2,40.4,1.2579999999999998,1.8,1.2,1.6,53.4,1.6059999999999999,2,0,4,4.0,12.0
1.8,1.2,1.6,51.6,2.068,1.6,1.8,1.4,47.6,1.4939999999999998,0,3,2,9.0,3.0
1.0,1.2,0.8,63.6,1.574,1.8,1.2,2.0,60.4,1.9899999999999998,0,4,1,7.0,11.0
1.8,1.2,1.8,50.4,1.59,1.4,1.2,1.6,52.0,1.028,0,3,2,3.0,7.0
1.0,1.2,1.4,44.8,0.9880000000000001,0.6,1.6,0.4,41.6,1.302,1,1,1,5.0,7.0
1.2,1.2,1.4,57.6,1.72,1.4,1.2,1.4,56.4,2.0300000000000002,2,0,1,12.0,1.0
1.2,1.6,0.6,55.0,1.404,0.8,0.8,1.2,63.4,1.3840000000000001,1,2,2,3.0,4.0
0.8,1.6,1.0,48.4,1.084,1.2,2.0,0.6,37.6,0.6940000000000001,0,3,0,1.0,2.0
1.2,2.0,1.0,44.0,1.15,1.2,1.0,1.6,37.4,0.776,0,3,1,5.0,10.0
2.2,1.4,2.2,47.6,1.78,1.6,2.0,0.6,54.2,1.4419999999999997,0,2,0,7.0,0.0
2.2,1.6,2.0,40.0,1.54,1.0,0.6,1.4,61.2,1.666,1,1,1,11.0,4.0
1.6,1.6,1.4,51.6,1.064,1.2,1.4,1.2,46.2,0.8380000000000001,2,1,2,6.0,6.0
0.8,1.0,1.0,41.6,0.966,2.0,1.2,2.0,52.4,2.146,2,1,3,3.0,4.0
1.8,1.0,1.6,54.2,1.436,1.4,1.6,1.4,50.8,1.1480000000000001,0,3,0,5.0,2.0
1.0,2.0,0.6,39.2,0.488,1.6,2.0,1.2,45.6,1.306,2,0,2,5.0,2.0
1.4,1.8,1.4,59.2,1.5999999999999999,1.6,1.2,1.8,50.8,1.9220000000000002,2,2,3,9.0,3.0
1.2,1.0,1.2,54.4,1.262,0.6,1.6,0.4,47.0,1.296,2,0,1,3.0,4.0
1.8,1.4,1.2,60.8,1.614,1.2,1.2,1.2,61.8,1.352,2,1,2,5.0,4.0
1.2,0.8,1.8,46.2,1.036,2.0,1.2,2.2,42.0,1.666,2,1,2,7.0,2.0
1.4,2.2,0.4,51.4,1.3039999999999998,1.4,2.4,0.8,58.2,1.6320000000000001,2,1,2,2.0,12.0
2.4,1.2,2.4,57.0,2.464,1.6,2.0,1.4,46.2,1.47,1,2,2,4.0,1.0
2.0,1.4,1.8,41.4,1.4600000000000002,2.4,1.2,2.6,49.6,1.8199999999999998,1,1,1,5.0,3.0
1.4,1.2,1.6,61.0,1.698,1.4,1.6,1.2,54.2,1.31,0,3,0,4.0,4.0
0.8,1.2,1.0,46.0,1.388,1.0,2.0,0.6,42.0,0.6960000000000001,2,2,3,8.0,2.0
1.2,1.0,1.6,40.8,0.8640000000000001,0.4,1.6,0.4,41.8,0.8039999999999999,1,0,0,8.0,2.0
0.6,0.6,1.0,56.0,1.4360000000000002,0.8,1.2,0.6,55.2,1.1199999999999999,0,1,0,7.0,5.0
1.2,2.0,1.2,50.8,1.098,1.6,1.4,1.0,58.6,1.5819999999999999,2,0,1,3.0,11.0
1.4,1.2,1.8,49.0,1.748,1.8,0.6,1.6,52.6,1.508,1,1,1,6.0,4.0
0.2,1.4,0.4,38.2,0.752,2.0,0.8,1.6,54.8,1.514,1,2,2,1.0,3.0
2.6,1.2,2.6,61.2,2.6119999999999997,1.2,2.0,1.0,42.0,0.7540000000000001,1,1,1,9.0,5.0
1.0,1.4,1.4,47.0,1.402,0.6,1.2,0.4,57.2,1.0580000000000003,2,0,2,6.0,4.0
0.8,0.6,1.4,54.2,1.232,1.4,1.6,1.6,45.6,1.3799999999999997,1,1,1,7.0,2.0
2.0,1.2,2.0,39.0,1.492,1.8,1.0,2.2,43.0,1.6800000000000002,1,0,0,9.0,5.0
1.8,1.0,2.0,60.2,1.5020000000000002,1.0,2.0,0.8,55.0,1.6400000000000001,0,2,1,5.0,5.0
1.2,1.8,0.8,50.8,1.448,0.6,1.8,0.4,40.0,0.752,0,1,0,7.0,3.0
0.8,0.8,1.2,42.8,1.098,1.8,1.4,1.4,59.6,2.0260000000000002,2,0,1,7.0,2.0
1.2,1.6,1.2,49.6,0.8800000000000001,1.0,2.0,0.6,52.0,1.3539999999999999,2,1,3,6.0,4.0
1.2,2.0,0.4,50.4,1.424,2.4,1.2,1.6,54.4,1.4140000000000001,2,1,4,2.0,5.0
1.2,1.0,1.6,47.8,1.4460000000000002,2.2,1.0,2.6,49.6,1.424,2,0,1,10.0,1.0
0.6,1.6,0.4,40.6,0.9559999999999998,1.0,0.6,1.6,55.0,1.236,0,2,0,0.0,5.0
1.6,0.8,2.2,48.0,1.552,1.0,2.0,0.6,48.8,0.908,1,1,1,7.0,3.0
1.2,2.4,0.6,50.6,1.568,1.0,1.2,1.0,50.0,1.47,2,2,3,7.0,2.0
1.8,1.2,1.8,55.6,1.736,1.6,1.0,1.6,39.8,1.608,0,5,2,10.0,5.0
1.2,2.0,1.0,43.2,0.844,1.0,1.4,1.4,46.6,1.418,2,3,4,4.0,8.0
1.4,1.8,1.2,43.0,1.3639999999999997,2.2,0.8,2.6,57.6,1.682,2,0,1,5.0,3.0
2.0,1.0,2.6,53.6,1.2240000000000002,1.2,1.4,1.4,54.4,1.7259999999999998,0,2,1,7.0,1.0
1.6,2.0,1.2,50.6,1.652,1.2,2.4,0.4,46.0,1.2399999999999998,0,2,1,5.0,8.0
0.8,1.0,0.8,53.4,1.072,0.8,1.0,1.0,44.2,1.268,0,2,1,4.0,4.0
2.8,0.8,2.2,55.2,1.5899999999999999,2.4,1.4,2.2,65.4,2.6919999999999997,0,2,1,5.0,10.0
1.2,0.6,1.8,53.8,1.424,1.8,1.6,2.0,45.2,1.5059999999999998,1,0,0,4.0,3.0
1.4,1.4,1.4,45.2,1.7559999999999998,1.4,2.4,0.8,43.8,0.75,0,2,0,6.0,3.0
1.2,1.8,1.0,41.2,1.386,1.0,1.6,0.8,45.8,1.058,2,0,1,9.0,2.0
1.0,1.2,1.0,38.2,0.8640000000000001,2.4,1.0,2.4,52.0,1.918,0,2,1,2.0,11.0
1.6,2.0,1.2,51.6,1.8980000000000001,1.4,1.8,1.0,40.6,1.6759999999999997,2,0,1,6.0,5.0
2.0,0.8,2.6,58.2,1.9100000000000001,0.6,1.4,0.4,46.6,1.27,1,2,2,6.0,1.0
1.0,0.8,1.4,54.0,1.018,2.4,1.0,2.2,53.4,1.3699999999999999,2,0,1,4.0,3.0
0.6,1.0,1.0,59.4,1.216,2.0,1.6,1.6,65.8,2.466,2,1,4,3.0,8.0
1.6,2.6,0.6,51.6,1.338,1.8,0.8,2.6,57.0,1.514,0,2,1,2.0,4.0
1.0,2.4,0.2,42.8,1.006,1.2,1.2,1.4,53.6,1.448,2,1,3,6.0,3.0
1.4,2.2,0.8,41.6,0.8960000000000001,0.8,0.6,1.4,53.6,1.536,1,0,0,5.0,8.0
0.6,1.6,0.8,43.0,0.99,0.8,0.8,1.2,55.2,0.8940000000000001,2,0,1,7.0,3.0
2.0,1.0,2.2,51.6,1.166,1.6,1.2,1.8,47.0,1.7760000000000002,0,2,0,8.0,3.0
2.2,1.4,1.6,63.0,2.646,1.8,2.0,1.2,51.4,1.762,2,0,1,8.0,1.0
1.2,1.2,1.6,42.8,1.6700000000000004,2.0,0.8,2.6,60.2,1.918,1,1,1,1.0,15.0
1.4,0.8,2.0,59.6,1.452,0.8,1.6,1.0,53.6,0.892,0,3,1,6.0,6.0
1.6,1.2,1.8,52.2,1.424,1.2,1.2,1.0,45.2,1.5859999999999999,1,0,0,8.0,3.0
0.8,1.6,0.4,46.0,1.366,1.2,1.6,1.2,52.0,1.7119999999999997,1,0,0,5.0,4.0
1.8,1.2,1.8,54.4,1.828,0.8,2.6,0.0,42.8,1.0139999999999998,1,1,1,3.0,4.0
1.6,1.6,1.6,50.0,1.5100000000000002,1.2,0.8,1.6,38.2,0.74,1,2,2,1.0,5.0
0.6,0.4,1.4,55.4,1.634,1.6,1.0,2.0,57.2,1.31,1,2,2,6.0,8.0
1.0,0.6,1.8,52.8,1.082,1.8,1.0,2.0,57.6,1.9259999999999997,0,2,1,4.0,8.0
1.0,1.2,1.4,51.8,1.452,1.4,1.8,1.0,38.4,0.9079999999999998,0,3,1,6.0,6.0
1.2,1.4,1.2,45.0,1.6099999999999999,1.6,1.4,1.0,63.2,2.236,0,3,0,3.0,9.0
0.6,1.0,0.6,40.6,1.31,1.4,1.6,1.2,50.8,1.6640000000000001,1,0,0,6.0,2.0
1.6,1.4,1.8,47.2,1.596,0.6,1.2,0.8,42.4,1.1320000000000001,2,1,2,9.0,5.0
1.0,2.4,0.2,43.2,1.152,0.6,1.0,0.6,46.4,1.2899999999999998,2,0,3,13.0,3.0
0.8,2.0,0.8,53.6,1.0079999999999998,1.0,1.4,1.2,39.4,1.574,0,2,0,6.0,6.0
0.8,1.6,1.0,40.6,1.5219999999999998,1.6,1.2,1.6,40.8,0.9219999999999999,0,4,0,5.0,2.0
2.2,0.8,2.6,52.8,1.5859999999999999,0.6,0.6,1.0,57.0,1.7259999999999998,2,1,2,10.0,1.0
1.0,2.0,0.4,40.2,1.05,1.4,0.6,2.4,52.2,1.416,2,0,2,8.0,2.0
1.2,1.4,1.2,51.2,1.4540000000000002,1.6,1.0,1.8,41.6,1.2579999999999998,1,2,2,2.0,3.0
1.8,1.4,1.4,56.8,1.6260000000000001,1.6,0.8,2.0,54.2,1.798,0,2,0,6.0,9.0
1.4,1.2,1.4,58.4,1.326,1.4,1.6,1.2,49.8,1.358,0,2,1,2.0,4.0
1.2,1.0,1.0,42.0,1.048,1.0,2.0,0.8,55.4,1.202,1,1,1,7.0,3.0
1.0,1.2,1.4,41.8,1.4940000000000002,0.8,2.6,0.2,44.4,1.032,0,1,0,2.0,6.0
1.2,1.6,0.8,62.8,1.796,1.8,0.8,2.2,63.8,1.7740000000000002,2,0,3,4.0,12.0
1.8,1.2,2.0,53.2,1.55,0.2,0.6,0.6,45.2,1.126,2,1,2,11.0,4.0
1.6,1.4,1.4,51.8,1.702,1.0,1.0,1.4,54.2,1.6299999999999997,1,0,0,9.0,3.0
1.4,1.6,1.2,52.6,1.468,1.0,0.8,1.4,55.0,1.834,2,1,2,2.0,3.0
0.4,0.6,1.0,48.0,1.3699999999999999,1.2,1.6,1.4,43.6,0.982,0,3,0,5.0,6.0
0.6,2.0,0.2,46.0,1.048,1.4,0.6,2.4,52.6,1.584,1,2,2,7.0,5.0
1.0,2.0,0.6,56.8,1.626,1.8,1.6,1.4,53.4,1.55,2,0,1,7.0,1.0
2.0,1.2,2.0,41.0,1.438,2.0,1.4,1.4,56.8,1.598,2,1,2,1.0,6.0
1.4,1.0,1.2,40.8,1.0399999999999998,0.8,2.2,0.2,43.6,1.056,0,4,1,4.0,4.0
1.0,2.0,0.8,53.8,1.114,1.0,0.6,2.0,41.6,1.39,0,4,3,4.0,5.0
1.8,0.8,2.2,65.2,1.9579999999999997,2.0,0.8,2.4,51.6,1.73,0,2,1,8.0,5.0
1.4,0.8,2.0,53.6,1.4780000000000002,1.6,1.6,1.4,41.0,1.3379999999999999,1,0,0,4.0,6.0
1.4,0.8,2.0,53.4,1.484,0.8,1.8,0.6,56.8,1.7259999999999998,0,3,0,6.0,5.0
1.2,0.8,1.8,51.8,2.09,1.0,0.4,1.6,52.6,1.636,1,2,2,12.0,1.0
0.4,2.2,0.2,45.2,0.9339999999999999,1.8,0.8,2.2,66.0,1.9600000000000002,2,0,1,3.0,11.0
1.4,1.2,1.8,44.0,1.452,2.0,0.8,1.8,41.8,1.1199999999999999,2,0,5,3.0,6.0
0.6,0.8,1.0,53.8,1.328,1.8,2.2,1.4,51.6,1.47,0,1,0,2.0,5.0
1.2,2.0,1.4,44.6,0.77,0.8,2.0,0.4,45.2,1.09,2,0,1,5.0,5.0
1.4,1.2,1.4,58.2,1.52,1.2,0.8,1.6,52.2,1.2240000000000002,0,3,1,5.0,8.0
1.2,0.6,1.6,40.0,1.088,1.6,1.2,1.4,43.0,1.1700000000000002,0,2,1,3.0,4.0
1.4,1.0,1.8,47.8,1.64,1.2,1.4,1.2,50.2,1.5799999999999998,0,1,0,7.0,2.0
1.6,1.4,1.4,49.4,1.176,0.8,0.8,1.0,49.6,1.5379999999999998,0,2,1,7.0,8.0
1.4,0.6,1.8,46.6,1.568,0.4,2.0,0.2,43.2,0.9019999999999999,0,3,1,5.0,0.0
0.8,1.4,0.6,52.2,1.284,2.0,0.6,2.6,52.0,1.748,0,3,1,2.0,10.0
0.8,2.2,0.8,45.0,0.71,1.2,2.2,1.2,50.2,1.4200000000000002,1,1,1,6.0,3.0
1.0,1.2,0.8,50.2,1.6919999999999997,1.4,0.8,1.6,40.8,1.104,0,3,0,2.0,6.0
1.2,0.8,1.8,48.6,1.52,0.8,0.6,1.6,49.6,1.3619999999999997,0,3,0,3.0,4.0
1.6,1.2,1.8,54.2,2.036,1.2,1.0,1.6,53.8,1.6,0,3,0,7.0,1.0
1.8,1.2,2.0,47.4,1.152,1.8,1.0,2.0,55.6,1.384,0,3,2,3.0,2.0
1.6,1.6,1.4,55.2,1.5,0.8,1.4,1.0,49.0,1.0819999999999999,2,1,2,5.0,5.0
0.0,2.2,0.0,54.8,1.08,2.6,0.4,2.2,43.6,1.1460000000000001,2,1,3,10.0,1.0
1.4,1.6,0.8,43.2,1.2,1.8,0.8,2.2,65.6,2.232,1,3,3,5.0,9.0
2.0,1.4,1.8,55.6,1.222,0.2,2.6,0.0,54.8,1.232,1,1,1,5.0,2.0
0.8,1.2,1.4,48.0,1.3019999999999998,2.2,1.2,2.2,51.8,1.9420000000000002,2,0,1,11.0,2.0
2.0,1.2,2.0,55.2,1.718,0.6,2.2,0.4,49.8,0.966,0,3,0,7.0,1.0
1.4,2.2,1.4,49.0,1.372,1.8,1.4,2.0,44.2,1.4060000000000001,1,0,0,6.0,7.0
2.0,1.0,2.2,66.6,2.1160000000000005,1.2,0.8,1.2,49.8,1.634,0,3,0,10.0,2.0
0.6,2.6,0.0,46.0,0.736,1.6,1.4,1.4,54.8,1.3599999999999999,1,2,2,2.0,8.0
0.6,1.4,1.0,51.8,1.422,2.0,1.8,1.0,41.2,1.534,1,2,2,5.0,10.0
3.2,0.6,2.6,41.0,1.366,1.2,1.6,0.6,52.0,1.634,1,1,1,2.0,1.0
1.2,1.2,1.4,45.4,1.1800000000000002,1.6,0.8,1.8,51.4,2.072,2,0,1,4.0,3.0
1.0,1.4,1.4,52.6,1.044,2.0,0.8,2.2,49.6,1.6720000000000002,1,1,1,14.0,2.0
